type,path_or_url,found_in
file,src/img/hero.webp,
file,src/img/uploads/2006/02/WinmodemAndRegularModem-1024x768.jpg,
file,src/img/uploads/2006/02/WinmodemAndRegularModem-1200x900.jpg,
file,src/img/uploads/2006/02/WinmodemAndRegularModem-150x150.jpg,
file,src/img/uploads/2006/02/WinmodemAndRegularModem-1536x1152.jpg,
file,src/img/uploads/2006/02/WinmodemAndRegularModem-300x225.jpg,
file,src/img/uploads/2006/02/WinmodemAndRegularModem-768x576.jpg,
file,src/img/uploads/2006/02/WinmodemAndRegularModem.jpg,
file,src/img/uploads/2012/10/lektio-1024x464.png,
file,src/img/uploads/2012/10/lektio-1200x544.png,
file,src/img/uploads/2012/10/lektio-150x150.png,
file,src/img/uploads/2012/10/lektio-1536x696.png,
file,src/img/uploads/2012/10/lektio-1980x897.png,
file,src/img/uploads/2012/10/lektio-300x136.png,
file,src/img/uploads/2012/10/lektio-768x348.png,
file,src/img/uploads/2012/10/lektio.png,
file,src/img/uploads/2016/11/800px-University-of-Oulu-Snellmania-150x150.jpg,
file,src/img/uploads/2016/11/800px-University-of-Oulu-Snellmania-300x200.jpg,
file,src/img/uploads/2016/11/800px-University-of-Oulu-Snellmania-768x512.jpg,
file,src/img/uploads/2016/11/800px-University-of-Oulu-Snellmania.jpg,
file,src/img/uploads/2017/08/2560px-Oulu_Skyline_20120128-1024x504.jpg,
file,src/img/uploads/2017/08/2560px-Oulu_Skyline_20120128-1200x591.jpg,
file,src/img/uploads/2017/08/2560px-Oulu_Skyline_20120128-150x150.jpg,
file,src/img/uploads/2017/08/2560px-Oulu_Skyline_20120128-1536x756.jpg,
file,src/img/uploads/2017/08/2560px-Oulu_Skyline_20120128-1980x975.jpg,
file,src/img/uploads/2017/08/2560px-Oulu_Skyline_20120128-2048x1008.jpg,
file,src/img/uploads/2017/08/2560px-Oulu_Skyline_20120128-300x148.jpg,
file,src/img/uploads/2017/08/2560px-Oulu_Skyline_20120128-768x378.jpg,
file,src/img/uploads/2017/08/2560px-Oulu_Skyline_20120128.jpg,
file,src/img/uploads/2020/01/17917379_10155106501813116_6597040786268409813_o-1-150x150.jpg,
file,src/img/uploads/2020/01/17917379_10155106501813116_6597040786268409813_o-1-163x300.jpg,
file,src/img/uploads/2020/01/17917379_10155106501813116_6597040786268409813_o-1-556x1024.jpg,
file,src/img/uploads/2020/01/17917379_10155106501813116_6597040786268409813_o-1-768x1414.jpg,
file,src/img/uploads/2020/01/17917379_10155106501813116_6597040786268409813_o-1.jpg,
file,src/img/uploads/2020/01/17917379_10155106501813116_6597040786268409813_o-150x150.jpg,
file,src/img/uploads/2020/01/17917379_10155106501813116_6597040786268409813_o-163x300.jpg,
file,src/img/uploads/2020/01/17917379_10155106501813116_6597040786268409813_o-556x1024.jpg,
file,src/img/uploads/2020/01/17917379_10155106501813116_6597040786268409813_o-768x1414.jpg,
file,src/img/uploads/2020/01/17917379_10155106501813116_6597040786268409813_o.jpg,
file,src/img/uploads/2020/01/18698357_1382525895164595_2361479650412410440_n-150x150.png,
file,src/img/uploads/2020/01/18698357_1382525895164595_2361479650412410440_n-300x114.png,
file,src/img/uploads/2020/01/18698357_1382525895164595_2361479650412410440_n-768x292.png,
file,src/img/uploads/2020/01/18698357_1382525895164595_2361479650412410440_n.png,
file,src/img/uploads/2020/01/1971px-Oulun_Lyseo_20171023-1024x665.jpg,
file,src/img/uploads/2020/01/1971px-Oulun_Lyseo_20171023-1200x779.jpg,
file,src/img/uploads/2020/01/1971px-Oulun_Lyseo_20171023-150x150.jpg,
file,src/img/uploads/2020/01/1971px-Oulun_Lyseo_20171023-1536x998.jpg,
file,src/img/uploads/2020/01/1971px-Oulun_Lyseo_20171023-300x195.jpg,
file,src/img/uploads/2020/01/1971px-Oulun_Lyseo_20171023-768x499.jpg,
file,src/img/uploads/2020/01/1971px-Oulun_Lyseo_20171023.jpg,
file,src/img/uploads/2020/01/2020-landscape-1-1024x656.png,
file,src/img/uploads/2020/01/2020-landscape-1-150x150.png,
file,src/img/uploads/2020/01/2020-landscape-1-300x192.png,
file,src/img/uploads/2020/01/2020-landscape-1-768x492.png,
file,src/img/uploads/2020/01/2020-landscape-1.png,
file,src/img/uploads/2020/01/70904957_10157490449228116_8669815198384652288_o-1024x545.jpg,
file,src/img/uploads/2020/01/70904957_10157490449228116_8669815198384652288_o-1200x639.jpg,
file,src/img/uploads/2020/01/70904957_10157490449228116_8669815198384652288_o-150x150.jpg,
file,src/img/uploads/2020/01/70904957_10157490449228116_8669815198384652288_o-300x160.jpg,
file,src/img/uploads/2020/01/70904957_10157490449228116_8669815198384652288_o-768x409.jpg,
file,src/img/uploads/2020/01/70904957_10157490449228116_8669815198384652288_o.jpg,
file,src/img/uploads/2020/01/800px-Oulun-yliopisto-150x150.jpg,
file,src/img/uploads/2020/01/800px-Oulun-yliopisto-300x87.jpg,
file,src/img/uploads/2020/01/800px-Oulun-yliopisto-768x223.jpg,
file,src/img/uploads/2020/01/800px-Oulun-yliopisto.jpg,
file,src/img/uploads/2020/01/81426554_10157812587693116_2467055259504082944_o-1-1024x512.jpg,
file,src/img/uploads/2020/01/81426554_10157812587693116_2467055259504082944_o-1-1200x600.jpg,
file,src/img/uploads/2020/01/81426554_10157812587693116_2467055259504082944_o-1-150x150.jpg,
file,src/img/uploads/2020/01/81426554_10157812587693116_2467055259504082944_o-1-300x150.jpg,
file,src/img/uploads/2020/01/81426554_10157812587693116_2467055259504082944_o-1-768x384.jpg,
file,src/img/uploads/2020/01/81426554_10157812587693116_2467055259504082944_o-1.jpg,
file,src/img/uploads/2020/01/Oulu_City_Hall_2006_02_12b-1024x819.jpg,
file,src/img/uploads/2020/01/Oulu_City_Hall_2006_02_12b-1200x960.jpg,
file,src/img/uploads/2020/01/Oulu_City_Hall_2006_02_12b-150x150.jpg,
file,src/img/uploads/2020/01/Oulu_City_Hall_2006_02_12b-300x240.jpg,
file,src/img/uploads/2020/01/Oulu_City_Hall_2006_02_12b-768x615.jpg,
file,src/img/uploads/2020/01/Oulu_City_Hall_2006_02_12b.jpg,
file,src/img/uploads/2020/01/PAXP-deijE-1.gif,
file,src/img/uploads/2020/01/PAXP-deijE.gif,
file,src/img/uploads/2020/01/PortraitGirl2005-2-1024x740.jpg,
file,src/img/uploads/2020/01/PortraitGirl2005-2-1200x867.jpg,
file,src/img/uploads/2020/01/PortraitGirl2005-2-150x150.jpg,
file,src/img/uploads/2020/01/PortraitGirl2005-2-1536x1110.jpg,
file,src/img/uploads/2020/01/PortraitGirl2005-2-300x217.jpg,
file,src/img/uploads/2020/01/PortraitGirl2005-2-768x555.jpg,
file,src/img/uploads/2020/01/PortraitGirl2005-2.jpg,
file,src/img/uploads/2020/01/WhatsApp-Image-2019-12-02-at-18.58.31-1-1152x1536.jpeg,
file,src/img/uploads/2020/01/WhatsApp-Image-2019-12-02-at-18.58.31-1-150x150.jpeg,
file,src/img/uploads/2020/01/WhatsApp-Image-2019-12-02-at-18.58.31-1-225x300.jpeg,
file,src/img/uploads/2020/01/WhatsApp-Image-2019-12-02-at-18.58.31-1-768x1024.jpeg,
file,src/img/uploads/2020/01/WhatsApp-Image-2019-12-02-at-18.58.31-1.jpeg,
file,src/img/uploads/2020/01/cropped-jari.laru_1397908734_26-150x150.jpg,
file,src/img/uploads/2020/01/cropped-jari.laru_1397908734_26-300x225.jpg,
file,src/img/uploads/2020/01/cropped-jari.laru_1397908734_26.jpg,
file,src/img/uploads/2020/01/jari.laru_1397908734_26-150x150.jpg,
file,src/img/uploads/2020/01/jari.laru_1397908734_26-300x271.jpg,
file,src/img/uploads/2020/01/jari.laru_1397908734_26-e1610053137214-150x150.jpg,
file,src/img/uploads/2020/01/jari.laru_1397908734_26-e1610053137214-300x271.jpg,
file,src/img/uploads/2020/01/jari.laru_1397908734_26-e1610053137214.jpg,
file,src/img/uploads/2020/01/jari.laru_1397908734_26.jpg,
file,src/img/uploads/2020/01/mobiilioppiminen-1-638-1-150x150.jpg,
file,src/img/uploads/2020/01/mobiilioppiminen-1-638-1-300x225.jpg,
file,src/img/uploads/2020/01/mobiilioppiminen-1-638-1.jpg,
file,src/img/uploads/2020/01/mobiilioppiminen-1-638-150x150.jpg,
file,src/img/uploads/2020/01/mobiilioppiminen-1-638-300x225.jpg,
file,src/img/uploads/2020/01/mobiilioppiminen-1-638.jpg,
file,src/img/uploads/2020/03/studio_wp-150x150.png,
file,src/img/uploads/2020/03/studio_wp-212x300.png,
file,src/img/uploads/2020/03/studio_wp-723x1024.png,
file,src/img/uploads/2020/03/studio_wp-768x1087.png,
file,src/img/uploads/2020/03/studio_wp.png,
file,src/img/uploads/2020/05/photo-1485628390555-1a7bd503f9fe-150x150.jpg,
file,src/img/uploads/2020/05/photo-1485628390555-1a7bd503f9fe-300x200.jpg,
file,src/img/uploads/2020/05/photo-1485628390555-1a7bd503f9fe-768x512.jpg,
file,src/img/uploads/2020/05/photo-1485628390555-1a7bd503f9fe.jpg,
file,src/img/uploads/2020/08/University-of-Oulu-Linnanmaa-1024x683.jpg,
file,src/img/uploads/2020/08/University-of-Oulu-Linnanmaa-1200x800.jpg,
file,src/img/uploads/2020/08/University-of-Oulu-Linnanmaa-150x150.jpg,
file,src/img/uploads/2020/08/University-of-Oulu-Linnanmaa-1536x1024.jpg,
file,src/img/uploads/2020/08/University-of-Oulu-Linnanmaa-1980x1320.jpg,
file,src/img/uploads/2020/08/University-of-Oulu-Linnanmaa-2048x1365.jpg,
file,src/img/uploads/2020/08/University-of-Oulu-Linnanmaa-300x200.jpg,
file,src/img/uploads/2020/08/University-of-Oulu-Linnanmaa-768x512.jpg,
file,src/img/uploads/2020/08/University-of-Oulu-Linnanmaa-scaled.jpg,
file,src/img/uploads/2020/08/University-of-Oulu-Linnanmaa.jpg,
file,src/img/uploads/2020/10/K-Citymarket_Raksila_Oulu-1024x576.jpg,
file,src/img/uploads/2020/10/K-Citymarket_Raksila_Oulu-1200x675.jpg,
file,src/img/uploads/2020/10/K-Citymarket_Raksila_Oulu-150x150.jpg,
file,src/img/uploads/2020/10/K-Citymarket_Raksila_Oulu-1536x864.jpg,
file,src/img/uploads/2020/10/K-Citymarket_Raksila_Oulu-300x169.jpg,
file,src/img/uploads/2020/10/K-Citymarket_Raksila_Oulu-768x432.jpg,
file,src/img/uploads/2020/10/K-Citymarket_Raksila_Oulu.jpg,
file,src/img/uploads/2020/12/1607349944976-1024x295.jpg,
file,src/img/uploads/2020/12/1607349944976-1200x345.jpg,
file,src/img/uploads/2020/12/1607349944976-150x150.jpg,
file,src/img/uploads/2020/12/1607349944976-300x86.jpg,
file,src/img/uploads/2020/12/1607349944976-768x221.jpg,
file,src/img/uploads/2020/12/1607349944976.jpg,
file,src/img/uploads/2020/12/36-1024x311.png,
file,src/img/uploads/2020/12/36-1200x364.png,
file,src/img/uploads/2020/12/36-150x150.png,
file,src/img/uploads/2020/12/36-300x91.png,
file,src/img/uploads/2020/12/36-768x233.png,
file,src/img/uploads/2020/12/36.png,
file,src/img/uploads/2020/12/800px-Oulu.vaakuna.svg_-150x150.png,
file,src/img/uploads/2020/12/800px-Oulu.vaakuna.svg_-259x300.png,
file,src/img/uploads/2020/12/800px-Oulu.vaakuna.svg_-768x891.png,
file,src/img/uploads/2020/12/800px-Oulu.vaakuna.svg_.png,
file,src/img/uploads/2020/12/P2210011_cmyk-1024x768.jpg,
file,src/img/uploads/2020/12/P2210011_cmyk-1200x900.jpg,
file,src/img/uploads/2020/12/P2210011_cmyk-150x150.jpg,
file,src/img/uploads/2020/12/P2210011_cmyk-1536x1152.jpg,
file,src/img/uploads/2020/12/P2210011_cmyk-1980x1485.jpg,
file,src/img/uploads/2020/12/P2210011_cmyk-2048x1536.jpg,
file,src/img/uploads/2020/12/P2210011_cmyk-300x225.jpg,
file,src/img/uploads/2020/12/P2210011_cmyk-768x576.jpg,
file,src/img/uploads/2020/12/P2210011_cmyk-scaled.jpg,
file,src/img/uploads/2020/12/P2210011_cmyk.jpg,
file,src/img/uploads/2020/12/P2210042-1024x768.jpg,
file,src/img/uploads/2020/12/P2210042-1200x900.jpg,
file,src/img/uploads/2020/12/P2210042-150x150.jpg,
file,src/img/uploads/2020/12/P2210042-1536x1152.jpg,
file,src/img/uploads/2020/12/P2210042-1980x1485.jpg,
file,src/img/uploads/2020/12/P2210042-2048x1536.jpg,
file,src/img/uploads/2020/12/P2210042-300x225.jpg,
file,src/img/uploads/2020/12/P2210042-768x576.jpg,
file,src/img/uploads/2020/12/P2210042-scaled-e1611561030443-1200x1369.jpg,
file,src/img/uploads/2020/12/P2210042-scaled-e1611561030443-1346x1536.jpg,
file,src/img/uploads/2020/12/P2210042-scaled-e1611561030443-150x150.jpg,
file,src/img/uploads/2020/12/P2210042-scaled-e1611561030443-263x300.jpg,
file,src/img/uploads/2020/12/P2210042-scaled-e1611561030443-300x150.jpg,
file,src/img/uploads/2020/12/P2210042-scaled-e1611561030443-768x876.jpg,
file,src/img/uploads/2020/12/P2210042-scaled-e1611561030443-898x1024.jpg,
file,src/img/uploads/2020/12/P2210042-scaled-e1611561030443.jpg,
file,src/img/uploads/2020/12/P2210042-scaled.jpg,
file,src/img/uploads/2020/12/P2210042.jpg,
file,src/img/uploads/2020/12/big_teatterisuurin1-1024x682.jpg,
file,src/img/uploads/2020/12/big_teatterisuurin1-1200x800.jpg,
file,src/img/uploads/2020/12/big_teatterisuurin1-150x150.jpg,
file,src/img/uploads/2020/12/big_teatterisuurin1-1536x1024.jpg,
file,src/img/uploads/2020/12/big_teatterisuurin1-300x200.jpg,
file,src/img/uploads/2020/12/big_teatterisuurin1-768x512.jpg,
file,src/img/uploads/2020/12/big_teatterisuurin1.jpg,
file,src/img/uploads/2020/12/cropped-800px-Oulu.vaakuna.svg_-150x150.png,
file,src/img/uploads/2020/12/cropped-800px-Oulu.vaakuna.svg_-259x300.png,
file,src/img/uploads/2020/12/cropped-800px-Oulu.vaakuna.svg_-768x891.png,
file,src/img/uploads/2020/12/cropped-800px-Oulu.vaakuna.svg_.png,
file,src/img/uploads/2021/01/32260838_1719037608180087_7883781164685590528_o-150x150.jpg,
file,src/img/uploads/2021/01/32260838_1719037608180087_7883781164685590528_o-150x300.jpg,
file,src/img/uploads/2021/01/32260838_1719037608180087_7883781164685590528_o-512x1024.jpg,
file,src/img/uploads/2021/01/32260838_1719037608180087_7883781164685590528_o.jpg,
file,src/img/uploads/2021/01/ICEHURWE-150x150.gif,
file,src/img/uploads/2021/01/ICEHURWE-300x188.gif,
file,src/img/uploads/2021/01/ICEHURWE.gif,
file,src/img/uploads/2021/01/MIEE_20-21_600x600-150x150.png,
file,src/img/uploads/2021/01/MIEE_20-21_600x600-300x150.png,
file,src/img/uploads/2021/01/MIEE_20-21_600x600-300x300.png,
file,src/img/uploads/2021/01/MIEE_20-21_600x600.png,
file,src/img/uploads/2021/01/ansiart-150x150.png,
file,src/img/uploads/2021/01/ansiart-230x300.png,
file,src/img/uploads/2021/01/ansiart.png,
file,src/img/uploads/2021/01/download-5-150x150.png,
file,src/img/uploads/2021/01/download-5-300x300.png,
file,src/img/uploads/2021/01/download-5.png,
file,src/img/uploads/2021/01/ekapuhe-150x150.jpg,
file,src/img/uploads/2021/01/ekapuhe-258x300.jpg,
file,src/img/uploads/2021/01/ekapuhe-768x892.jpg,
file,src/img/uploads/2021/01/ekapuhe.jpg,
file,src/img/uploads/2021/01/ekaskan-1-150x150.gif,
file,src/img/uploads/2021/01/ekaskan-1-292x300.gif,
file,src/img/uploads/2021/01/ekaskan-1.gif,
file,src/img/uploads/2021/01/ekaskan-150x150.gif,
file,src/img/uploads/2021/01/ekaskan-292x300.gif,
file,src/img/uploads/2021/01/ekaskan.gif,
file,src/img/uploads/2021/01/fidonet-150x150.png,
file,src/img/uploads/2021/01/fidonet-300x172.png,
file,src/img/uploads/2021/01/fidonet.png,
file,src/img/uploads/2021/01/image-150x150.png,
file,src/img/uploads/2021/01/image-225x150.png,
file,src/img/uploads/2021/01/image.png,
file,src/img/uploads/2021/01/kartta-1024x495.png,
file,src/img/uploads/2021/01/kartta-1200x580.png,
file,src/img/uploads/2021/01/kartta-150x150.png,
file,src/img/uploads/2021/01/kartta-1536x743.png,
file,src/img/uploads/2021/01/kartta-1980x957.png,
file,src/img/uploads/2021/01/kartta-2048x990.png,
file,src/img/uploads/2021/01/kartta-300x145.png,
file,src/img/uploads/2021/01/kartta-768x371.png,
file,src/img/uploads/2021/01/kartta.png,
file,src/img/uploads/2021/01/kauposapuhe-1200x1511.jpg,
file,src/img/uploads/2021/01/kauposapuhe-1220x1536.jpg,
file,src/img/uploads/2021/01/kauposapuhe-150x150.jpg,
file,src/img/uploads/2021/01/kauposapuhe-238x300.jpg,
file,src/img/uploads/2021/01/kauposapuhe-768x967.jpg,
file,src/img/uploads/2021/01/kauposapuhe-813x1024.jpg,
file,src/img/uploads/2021/01/kauposapuhe.jpg,
file,src/img/uploads/2021/01/kierikkirikki-1024x683.jpg,
file,src/img/uploads/2021/01/kierikkirikki-1200x800.jpg,
file,src/img/uploads/2021/01/kierikkirikki-150x150.jpg,
file,src/img/uploads/2021/01/kierikkirikki-1536x1024.jpg,
file,src/img/uploads/2021/01/kierikkirikki-1980x1320.jpg,
file,src/img/uploads/2021/01/kierikkirikki-300x200.jpg,
file,src/img/uploads/2021/01/kierikkirikki-768x512.jpg,
file,src/img/uploads/2021/01/kierikkirikki.jpg,
file,src/img/uploads/2021/01/kukokaupungit-150x150.jpg,
file,src/img/uploads/2021/01/kukokaupungit-206x300.jpg,
file,src/img/uploads/2021/01/kukokaupungit.jpg,
file,src/img/uploads/2021/01/kuva1-1024x683.jpg,
file,src/img/uploads/2021/01/kuva1-1200x800.jpg,
file,src/img/uploads/2021/01/kuva1-150x150.jpg,
file,src/img/uploads/2021/01/kuva1-1536x1024.jpg,
file,src/img/uploads/2021/01/kuva1-300x200.jpg,
file,src/img/uploads/2021/01/kuva1-768x512.jpg,
file,src/img/uploads/2021/01/kuva1.jpg,
file,src/img/uploads/2021/01/kuva_b-150x150.jpg,
file,src/img/uploads/2021/01/kuva_b-159x300.jpg,
file,src/img/uploads/2021/01/kuva_b-544x1024.jpg,
file,src/img/uploads/2021/01/kuva_b-768x1446.jpg,
file,src/img/uploads/2021/01/kuva_b-816x1536.jpg,
file,src/img/uploads/2021/01/kuva_b.jpg,
file,src/img/uploads/2021/01/kuva_c-150x150.jpg,
file,src/img/uploads/2021/01/kuva_c-200x300.jpg,
file,src/img/uploads/2021/01/kuva_c-682x1024.jpg,
file,src/img/uploads/2021/01/kuva_c.jpg,
file,src/img/uploads/2021/01/majorbbsdemo-150x150.jpg,
file,src/img/uploads/2021/01/majorbbsdemo-300x203.jpg,
file,src/img/uploads/2021/01/majorbbsdemo.jpg,
file,src/img/uploads/2021/01/ouluhalli-150x150.jpg,
file,src/img/uploads/2021/01/ouluhalli-300x203.jpg,
file,src/img/uploads/2021/01/ouluhalli-768x520.jpg,
file,src/img/uploads/2021/01/ouluhalli.jpg,
file,src/img/uploads/2021/01/photo-1485628390555-1a7bd503f9fe-150x150.jpg,
file,src/img/uploads/2021/01/photo-1485628390555-1a7bd503f9fe-300x200.jpg,
file,src/img/uploads/2021/01/photo-1485628390555-1a7bd503f9fe-768x512.jpg,
file,src/img/uploads/2021/01/photo-1485628390555-1a7bd503f9fe.jpg,
file,src/img/uploads/2021/01/promootio-150x150.jpg,
file,src/img/uploads/2021/01/promootio-300x225.jpg,
file,src/img/uploads/2021/01/promootio-768x576.jpg,
file,src/img/uploads/2021/01/promootio.jpg,
file,src/img/uploads/2021/01/puiravame-150x150.jpg,
file,src/img/uploads/2021/01/puiravame-225x300.jpg,
file,src/img/uploads/2021/01/puiravame.jpg,
file,src/img/uploads/2021/01/screen-post-technology-number-web-internet-1344290-pxhere.com_-1024x683.jpg,
file,src/img/uploads/2021/01/screen-post-technology-number-web-internet-1344290-pxhere.com_-1200x800.jpg,
file,src/img/uploads/2021/01/screen-post-technology-number-web-internet-1344290-pxhere.com_-150x150.jpg,
file,src/img/uploads/2021/01/screen-post-technology-number-web-internet-1344290-pxhere.com_-1536x1024.jpg,
file,src/img/uploads/2021/01/screen-post-technology-number-web-internet-1344290-pxhere.com_-300x200.jpg,
file,src/img/uploads/2021/01/screen-post-technology-number-web-internet-1344290-pxhere.com_-768x512.jpg,
file,src/img/uploads/2021/01/screen-post-technology-number-web-internet-1344290-pxhere.com_.jpg,
file,src/img/uploads/2021/01/sikusiku-150x150.png,
file,src/img/uploads/2021/01/sikusiku-300x154.png,
file,src/img/uploads/2021/01/sikusiku.png,
file,src/img/uploads/2021/01/verkkolive-150x150.jpg,
file,src/img/uploads/2021/01/verkkolive-300x150.jpg,
file,src/img/uploads/2021/01/verkkolive-768x384.jpg,
file,src/img/uploads/2021/01/verkkolive.jpg,
file,src/img/uploads/2021/01/vuvatr-150x150.jpg,
file,src/img/uploads/2021/01/vuvatr-300x237.jpg,
file,src/img/uploads/2021/01/vuvatr-768x607.jpg,
file,src/img/uploads/2021/01/vuvatr.jpg,
file,src/img/uploads/2021/01/vuvatrkok-150x150.jpg,
file,src/img/uploads/2021/01/vuvatrkok-300x225.jpg,
file,src/img/uploads/2021/01/vuvatrkok-768x576.jpg,
file,src/img/uploads/2021/01/vuvatrkok.jpg,
file,src/img/uploads/2021/02/36-2-150x150.png,
file,src/img/uploads/2021/02/36-2-300x251.png,
file,src/img/uploads/2021/02/36-2-768x644.png,
file,src/img/uploads/2021/02/36-2.png,
file,src/img/uploads/2021/02/36-3-1024x311.png,
file,src/img/uploads/2021/02/36-3-1200x364.png,
file,src/img/uploads/2021/02/36-3-150x150.png,
file,src/img/uploads/2021/02/36-3-300x91.png,
file,src/img/uploads/2021/02/36-3-768x233.png,
file,src/img/uploads/2021/02/36-3.png,
file,src/img/uploads/2021/02/Anna-aani-lapselle-kampanjan-aloitus-1200x628-1-1024x536.png,
file,src/img/uploads/2021/02/Anna-aani-lapselle-kampanjan-aloitus-1200x628-1-1200x628.png,
file,src/img/uploads/2021/02/Anna-aani-lapselle-kampanjan-aloitus-1200x628-1-150x150.png,
file,src/img/uploads/2021/02/Anna-aani-lapselle-kampanjan-aloitus-1200x628-1-1536x803.png,
file,src/img/uploads/2021/02/Anna-aani-lapselle-kampanjan-aloitus-1200x628-1-1980x1036.png,
file,src/img/uploads/2021/02/Anna-aani-lapselle-kampanjan-aloitus-1200x628-1-300x157.png,
file,src/img/uploads/2021/02/Anna-aani-lapselle-kampanjan-aloitus-1200x628-1-768x402.png,
file,src/img/uploads/2021/02/Anna-aani-lapselle-kampanjan-aloitus-1200x628-1.png,
file,src/img/uploads/2021/02/Copy-of-36-1-150x150.png,
file,src/img/uploads/2021/02/Copy-of-36-1-300x251.png,
file,src/img/uploads/2021/02/Copy-of-36-1-768x644.png,
file,src/img/uploads/2021/02/Copy-of-36-1.png,
file,src/img/uploads/2021/02/Copy-of-36-2-150x150.png,
file,src/img/uploads/2021/02/Copy-of-36-2-300x251.png,
file,src/img/uploads/2021/02/Copy-of-36-2-768x644.png,
file,src/img/uploads/2021/02/Copy-of-36-2.png,
file,src/img/uploads/2021/02/IMG_20210203_163559-1024x512.jpg,
file,src/img/uploads/2021/02/IMG_20210203_163559-1200x600.jpg,
file,src/img/uploads/2021/02/IMG_20210203_163559-150x150.jpg,
file,src/img/uploads/2021/02/IMG_20210203_163559-1536x768.jpg,
file,src/img/uploads/2021/02/IMG_20210203_163559-1980x990.jpg,
file,src/img/uploads/2021/02/IMG_20210203_163559-2048x1024.jpg,
file,src/img/uploads/2021/02/IMG_20210203_163559-300x150.jpg,
file,src/img/uploads/2021/02/IMG_20210203_163559-768x384.jpg,
file,src/img/uploads/2021/02/IMG_20210203_163559.jpg,
file,src/img/uploads/2021/02/IMG_20210203_163607-1024x512.jpg,
file,src/img/uploads/2021/02/IMG_20210203_163607-1200x600.jpg,
file,src/img/uploads/2021/02/IMG_20210203_163607-150x150.jpg,
file,src/img/uploads/2021/02/IMG_20210203_163607-1536x768.jpg,
file,src/img/uploads/2021/02/IMG_20210203_163607-1980x990.jpg,
file,src/img/uploads/2021/02/IMG_20210203_163607-2048x1024.jpg,
file,src/img/uploads/2021/02/IMG_20210203_163607-300x150.jpg,
file,src/img/uploads/2021/02/IMG_20210203_163607-768x384.jpg,
file,src/img/uploads/2021/02/IMG_20210203_163607.jpg,
file,src/img/uploads/2021/02/IMG_20210203_163702-1024x512.jpg,
file,src/img/uploads/2021/02/IMG_20210203_163702-1200x600.jpg,
file,src/img/uploads/2021/02/IMG_20210203_163702-150x150.jpg,
file,src/img/uploads/2021/02/IMG_20210203_163702-1536x768.jpg,
file,src/img/uploads/2021/02/IMG_20210203_163702-1980x990.jpg,
file,src/img/uploads/2021/02/IMG_20210203_163702-2048x1024.jpg,
file,src/img/uploads/2021/02/IMG_20210203_163702-300x150.jpg,
file,src/img/uploads/2021/02/IMG_20210203_163702-768x384.jpg,
file,src/img/uploads/2021/02/IMG_20210203_163702.jpg,
file,src/img/uploads/2021/02/IMG_20210203_163710-1-1024x512.jpg,
file,src/img/uploads/2021/02/IMG_20210203_163710-1-1200x600.jpg,
file,src/img/uploads/2021/02/IMG_20210203_163710-1-150x150.jpg,
file,src/img/uploads/2021/02/IMG_20210203_163710-1-1536x768.jpg,
file,src/img/uploads/2021/02/IMG_20210203_163710-1-1980x990.jpg,
file,src/img/uploads/2021/02/IMG_20210203_163710-1-2048x1024.jpg,
file,src/img/uploads/2021/02/IMG_20210203_163710-1-300x150.jpg,
file,src/img/uploads/2021/02/IMG_20210203_163710-1-768x384.jpg,
file,src/img/uploads/2021/02/IMG_20210203_163710-1.jpg,
file,src/img/uploads/2021/02/IMG_20210203_163710-1024x512.jpg,
file,src/img/uploads/2021/02/IMG_20210203_163710-1200x600.jpg,
file,src/img/uploads/2021/02/IMG_20210203_163710-150x150.jpg,
file,src/img/uploads/2021/02/IMG_20210203_163710-1536x768.jpg,
file,src/img/uploads/2021/02/IMG_20210203_163710-1980x990.jpg,
file,src/img/uploads/2021/02/IMG_20210203_163710-2048x1024.jpg,
file,src/img/uploads/2021/02/IMG_20210203_163710-300x150.jpg,
file,src/img/uploads/2021/02/IMG_20210203_163710-768x384.jpg,
file,src/img/uploads/2021/02/IMG_20210203_163710.jpg,
file,src/img/uploads/2021/02/IMG_20210203_163723-1024x512.jpg,
file,src/img/uploads/2021/02/IMG_20210203_163723-1200x600.jpg,
file,src/img/uploads/2021/02/IMG_20210203_163723-150x150.jpg,
file,src/img/uploads/2021/02/IMG_20210203_163723-1536x768.jpg,
file,src/img/uploads/2021/02/IMG_20210203_163723-1980x990.jpg,
file,src/img/uploads/2021/02/IMG_20210203_163723-2048x1024.jpg,
file,src/img/uploads/2021/02/IMG_20210203_163723-300x150.jpg,
file,src/img/uploads/2021/02/IMG_20210203_163723-768x384.jpg,
file,src/img/uploads/2021/02/IMG_20210203_163723.jpg,
file,src/img/uploads/2021/02/IMG_20210213_151219-1024x2048.jpg,
file,src/img/uploads/2021/02/IMG_20210213_151219-1200x2400.jpg,
file,src/img/uploads/2021/02/IMG_20210213_151219-150x150.jpg,
file,src/img/uploads/2021/02/IMG_20210213_151219-150x300.jpg,
file,src/img/uploads/2021/02/IMG_20210213_151219-1980x3960.jpg,
file,src/img/uploads/2021/02/IMG_20210213_151219-512x1024.jpg,
file,src/img/uploads/2021/02/IMG_20210213_151219-768x1536.jpg,
file,src/img/uploads/2021/02/IMG_20210213_151219-scaled.jpg,
file,src/img/uploads/2021/02/IMG_20210213_151219.jpg,
file,src/img/uploads/2021/02/IMG_20210213_151538-1024x512.jpg,
file,src/img/uploads/2021/02/IMG_20210213_151538-1200x600.jpg,
file,src/img/uploads/2021/02/IMG_20210213_151538-150x150.jpg,
file,src/img/uploads/2021/02/IMG_20210213_151538-1536x768.jpg,
file,src/img/uploads/2021/02/IMG_20210213_151538-1980x990.jpg,
file,src/img/uploads/2021/02/IMG_20210213_151538-2048x1024.jpg,
file,src/img/uploads/2021/02/IMG_20210213_151538-300x150.jpg,
file,src/img/uploads/2021/02/IMG_20210213_151538-768x384.jpg,
file,src/img/uploads/2021/02/IMG_20210213_151538.jpg,
file,src/img/uploads/2021/02/Vaaliuurna-3-1024x576.jpg,
file,src/img/uploads/2021/02/Vaaliuurna-3-1200x675.jpg,
file,src/img/uploads/2021/02/Vaaliuurna-3-150x150.jpg,
file,src/img/uploads/2021/02/Vaaliuurna-3-1536x864.jpg,
file,src/img/uploads/2021/02/Vaaliuurna-3-1980x1114.jpg,
file,src/img/uploads/2021/02/Vaaliuurna-3-2048x1152.jpg,
file,src/img/uploads/2021/02/Vaaliuurna-3-300x169.jpg,
file,src/img/uploads/2021/02/Vaaliuurna-3-768x432.jpg,
file,src/img/uploads/2021/02/Vaaliuurna-3-scaled.jpg,
file,src/img/uploads/2021/02/Vaaliuurna-3.jpg,
file,src/img/uploads/2021/02/aal-150x150.png,
file,src/img/uploads/2021/02/aal-300x151.png,
file,src/img/uploads/2021/02/aal-768x386.png,
file,src/img/uploads/2021/02/aal.png,
file,src/img/uploads/2021/02/chrome_5LFcwO345p-150x150.png,
file,src/img/uploads/2021/02/chrome_5LFcwO345p-181x300.png,
file,src/img/uploads/2021/02/chrome_5LFcwO345p.png,
file,src/img/uploads/2021/02/chrome_s2qG6Q71k6-1024x496.jpg,
file,src/img/uploads/2021/02/chrome_s2qG6Q71k6-1200x581.jpg,
file,src/img/uploads/2021/02/chrome_s2qG6Q71k6-150x150.jpg,
file,src/img/uploads/2021/02/chrome_s2qG6Q71k6-1536x744.jpg,
file,src/img/uploads/2021/02/chrome_s2qG6Q71k6-1980x959.jpg,
file,src/img/uploads/2021/02/chrome_s2qG6Q71k6-2048x992.jpg,
file,src/img/uploads/2021/02/chrome_s2qG6Q71k6-300x145.jpg,
file,src/img/uploads/2021/02/chrome_s2qG6Q71k6-768x372.jpg,
file,src/img/uploads/2021/02/chrome_s2qG6Q71k6.jpg,
file,src/img/uploads/2021/02/image-1-1024x486.png,
file,src/img/uploads/2021/02/image-1-1200x570.png,
file,src/img/uploads/2021/02/image-1-150x150.png,
file,src/img/uploads/2021/02/image-1-300x142.png,
file,src/img/uploads/2021/02/image-1-768x365.png,
file,src/img/uploads/2021/02/image-1.png,
file,src/img/uploads/2021/02/image-1024x486.png,
file,src/img/uploads/2021/02/image-1200x570.png,
file,src/img/uploads/2021/02/image-150x150.png,
file,src/img/uploads/2021/02/image-2-150x150.png,
file,src/img/uploads/2021/02/image-2-300x237.png,
file,src/img/uploads/2021/02/image-2.png,
file,src/img/uploads/2021/02/image-3-150x150.png,
file,src/img/uploads/2021/02/image-3-300x225.png,
file,src/img/uploads/2021/02/image-3-768x575.png,
file,src/img/uploads/2021/02/image-3.png,
file,src/img/uploads/2021/02/image-300x142.png,
file,src/img/uploads/2021/02/image-4-150x150.png,
file,src/img/uploads/2021/02/image-4-190x300.png,
file,src/img/uploads/2021/02/image-4.png,
file,src/img/uploads/2021/02/image-768x365.png,
file,src/img/uploads/2021/02/image.png,
file,src/img/uploads/2021/02/kirjoitussiku-150x150.png,
file,src/img/uploads/2021/02/kirjoitussiku-190x300.png,
file,src/img/uploads/2021/02/kirjoitussiku.png,
file,src/img/uploads/2021/02/kissa-150x150.png,
file,src/img/uploads/2021/02/kissa-300x300.png,
file,src/img/uploads/2021/02/kissa.png,
file,src/img/uploads/2021/02/koira-150x150.png,
file,src/img/uploads/2021/02/koira-300x300.png,
file,src/img/uploads/2021/02/koira-768x768.png,
file,src/img/uploads/2021/02/koira.png,
file,src/img/uploads/2021/02/laru_jari_3448_web-removebg-preview-1-150x150.png,
file,src/img/uploads/2021/02/laru_jari_3448_web-removebg-preview-1-225x300.png,
file,src/img/uploads/2021/02/laru_jari_3448_web-removebg-preview-1-e1613760400900-150x150.png,
file,src/img/uploads/2021/02/laru_jari_3448_web-removebg-preview-1-e1613760400900-225x300.png,
file,src/img/uploads/2021/02/laru_jari_3448_web-removebg-preview-1-e1613760400900.png,
file,src/img/uploads/2021/02/laru_jari_3448_web-removebg-preview-1-e1742757199718-150x150.png,
file,src/img/uploads/2021/02/laru_jari_3448_web-removebg-preview-1-e1742757199718-225x300.png,
file,src/img/uploads/2021/02/laru_jari_3448_web-removebg-preview-1-e1742757199718.png,
file,src/img/uploads/2021/02/laru_jari_3448_web-removebg-preview-1.png,
file,src/img/uploads/2021/02/ma-146x300.jpg,
file,src/img/uploads/2021/02/ma-150x150.jpg,
file,src/img/uploads/2021/02/ma-498x1024.jpg,
file,src/img/uploads/2021/02/ma.jpg,
file,src/img/uploads/2021/02/pexels-photo-5624253-1024x682.jpeg,
file,src/img/uploads/2021/02/pexels-photo-5624253-1200x800.jpeg,
file,src/img/uploads/2021/02/pexels-photo-5624253-150x150.jpeg,
file,src/img/uploads/2021/02/pexels-photo-5624253-1536x1024.jpeg,
file,src/img/uploads/2021/02/pexels-photo-5624253-300x200.jpeg,
file,src/img/uploads/2021/02/pexels-photo-5624253-768x512.jpeg,
file,src/img/uploads/2021/02/pexels-photo-5624253.jpeg,
file,src/img/uploads/2021/02/pollo-150x150.png,
file,src/img/uploads/2021/02/pollo-225x300.png,
file,src/img/uploads/2021/02/pollo.png,
file,src/img/uploads/2021/03/34258651_10156333559448116_6882459000466571264_o-1024x524.jpg,
file,src/img/uploads/2021/03/34258651_10156333559448116_6882459000466571264_o-1200x614.jpg,
file,src/img/uploads/2021/03/34258651_10156333559448116_6882459000466571264_o-150x150.jpg,
file,src/img/uploads/2021/03/34258651_10156333559448116_6882459000466571264_o-1536x786.jpg,
file,src/img/uploads/2021/03/34258651_10156333559448116_6882459000466571264_o-1980x1013.jpg,
file,src/img/uploads/2021/03/34258651_10156333559448116_6882459000466571264_o-300x154.jpg,
file,src/img/uploads/2021/03/34258651_10156333559448116_6882459000466571264_o-768x393.jpg,
file,src/img/uploads/2021/03/34258651_10156333559448116_6882459000466571264_o.jpg,
file,src/img/uploads/2021/03/37522991_10156458618453116_4533218945909391360_o-150x150.jpg,
file,src/img/uploads/2021/03/37522991_10156458618453116_4533218945909391360_o-300x300.jpg,
file,src/img/uploads/2021/03/37522991_10156458618453116_4533218945909391360_o-768x768.jpg,
file,src/img/uploads/2021/03/37522991_10156458618453116_4533218945909391360_o-e1615744405294-150x150.jpg,
file,src/img/uploads/2021/03/37522991_10156458618453116_4533218945909391360_o-e1615744405294-300x166.jpg,
file,src/img/uploads/2021/03/37522991_10156458618453116_4533218945909391360_o-e1615744405294-768x424.jpg,
file,src/img/uploads/2021/03/37522991_10156458618453116_4533218945909391360_o-e1615744405294.jpg,
file,src/img/uploads/2021/03/37522991_10156458618453116_4533218945909391360_o.jpg,
file,src/img/uploads/2021/03/CTE-150x150.jpg,
file,src/img/uploads/2021/03/CTE-159x300.jpg,
file,src/img/uploads/2021/03/CTE-544x1024.jpg,
file,src/img/uploads/2021/03/CTE-768x1446.jpg,
file,src/img/uploads/2021/03/CTE-816x1536.jpg,
file,src/img/uploads/2021/03/CTE.jpg,
file,src/img/uploads/2021/03/ESITYS-150x150.jpg,
file,src/img/uploads/2021/03/ESITYS-300x225.jpg,
file,src/img/uploads/2021/03/ESITYS-768x576.jpg,
file,src/img/uploads/2021/03/ESITYS.jpg,
file,src/img/uploads/2021/03/SUIKKA-150x150.jpg,
file,src/img/uploads/2021/03/SUIKKA-225x300.jpg,
file,src/img/uploads/2021/03/SUIKKA.jpg,
file,src/img/uploads/2021/03/WIN_20210329_16_06_01_Pro-1024x576.jpg,
file,src/img/uploads/2021/03/WIN_20210329_16_06_01_Pro-1200x675.jpg,
file,src/img/uploads/2021/03/WIN_20210329_16_06_01_Pro-150x150.jpg,
file,src/img/uploads/2021/03/WIN_20210329_16_06_01_Pro-1536x864.jpg,
file,src/img/uploads/2021/03/WIN_20210329_16_06_01_Pro-300x169.jpg,
file,src/img/uploads/2021/03/WIN_20210329_16_06_01_Pro-768x432.jpg,
file,src/img/uploads/2021/03/WIN_20210329_16_06_01_Pro.jpg,
file,src/img/uploads/2021/03/asyhds-150x150.jpg,
file,src/img/uploads/2021/03/asyhds-300x225.jpg,
file,src/img/uploads/2021/03/asyhds-768x576.jpg,
file,src/img/uploads/2021/03/asyhds.jpg,
file,src/img/uploads/2021/03/laskettelu-150x150.jpg,
file,src/img/uploads/2021/03/laskettelu-225x300.jpg,
file,src/img/uploads/2021/03/laskettelu.jpg,
file,src/img/uploads/2021/03/ouhalli-150x150.jpg,
file,src/img/uploads/2021/03/ouhalli-202x300.jpg,
file,src/img/uploads/2021/03/ouhalli.jpg,
file,src/img/uploads/2021/03/promootiob-150x150.jpg,
file,src/img/uploads/2021/03/promootiob-300x225.jpg,
file,src/img/uploads/2021/03/promootiob-768x576.jpg,
file,src/img/uploads/2021/03/promootiob.jpg,
file,src/img/uploads/2021/03/pukki-150x150.jpg,
file,src/img/uploads/2021/03/pukki-225x300.jpg,
file,src/img/uploads/2021/03/pukki.jpg,
file,src/img/uploads/2021/03/suomi100-1024x1536.jpg,
file,src/img/uploads/2021/03/suomi100-1200x1800.jpg,
file,src/img/uploads/2021/03/suomi100-150x150.jpg,
file,src/img/uploads/2021/03/suomi100-200x300.jpg,
file,src/img/uploads/2021/03/suomi100-683x1024.jpg,
file,src/img/uploads/2021/03/suomi100-768x1152.jpg,
file,src/img/uploads/2021/03/suomi100.jpg,
file,src/img/uploads/2021/03/teams-1024x643.jpg,
file,src/img/uploads/2021/03/teams-1200x753.jpg,
file,src/img/uploads/2021/03/teams-150x150.jpg,
file,src/img/uploads/2021/03/teams-300x188.jpg,
file,src/img/uploads/2021/03/teams-768x482.jpg,
file,src/img/uploads/2021/03/teams.jpg,
file,src/img/uploads/2021/03/vaitos-1024x864.jpg,
file,src/img/uploads/2021/03/vaitos-1200x1013.jpg,
file,src/img/uploads/2021/03/vaitos-150x150.jpg,
file,src/img/uploads/2021/03/vaitos-1536x1296.jpg,
file,src/img/uploads/2021/03/vaitos-1980x1671.jpg,
file,src/img/uploads/2021/03/vaitos-300x253.jpg,
file,src/img/uploads/2021/03/vaitos-768x648.jpg,
file,src/img/uploads/2021/03/vaitos.jpg,
file,src/img/uploads/2021/04/20150806_103704-1024x576.jpg,
file,src/img/uploads/2021/04/20150806_103704-1200x675.jpg,
file,src/img/uploads/2021/04/20150806_103704-150x150.jpg,
file,src/img/uploads/2021/04/20150806_103704-1536x864.jpg,
file,src/img/uploads/2021/04/20150806_103704-1980x1114.jpg,
file,src/img/uploads/2021/04/20150806_103704-2048x1152.jpg,
file,src/img/uploads/2021/04/20150806_103704-300x169.jpg,
file,src/img/uploads/2021/04/20150806_103704-768x432.jpg,
file,src/img/uploads/2021/04/20150806_103704.jpg,
file,src/img/uploads/2021/04/3724278287_b57d757460_b-150x150.jpg,
file,src/img/uploads/2021/04/3724278287_b57d757460_b-300x199.jpg,
file,src/img/uploads/2021/04/3724278287_b57d757460_b-768x510.jpg,
file,src/img/uploads/2021/04/3724278287_b57d757460_b.jpg,
file,src/img/uploads/2021/04/6246027151_f666304349_z-150x150.jpg,
file,src/img/uploads/2021/04/6246027151_f666304349_z-300x200.jpg,
file,src/img/uploads/2021/04/6246027151_f666304349_z-edited-150x150.jpg,
file,src/img/uploads/2021/04/6246027151_f666304349_z-edited-300x169.jpg,
file,src/img/uploads/2021/04/6246027151_f666304349_z-edited.jpg,
file,src/img/uploads/2021/04/6246027151_f666304349_z.jpg,
file,src/img/uploads/2021/04/IMG_0048-1024x765.jpg,
file,src/img/uploads/2021/04/IMG_0048-150x150.jpg,
file,src/img/uploads/2021/04/IMG_0048-300x224.jpg,
file,src/img/uploads/2021/04/IMG_0048-768x574.jpg,
file,src/img/uploads/2021/04/IMG_0048-edited-1024x577.jpg,
file,src/img/uploads/2021/04/IMG_0048-edited-150x150.jpg,
file,src/img/uploads/2021/04/IMG_0048-edited-300x169.jpg,
file,src/img/uploads/2021/04/IMG_0048-edited-768x433.jpg,
file,src/img/uploads/2021/04/IMG_0048-edited.jpg,
file,src/img/uploads/2021/04/IMG_0048.jpg,
file,src/img/uploads/2021/04/IMG_20170715_113317-1024x768.jpg,
file,src/img/uploads/2021/04/IMG_20170715_113317-150x150.jpg,
file,src/img/uploads/2021/04/IMG_20170715_113317-300x225.jpg,
file,src/img/uploads/2021/04/IMG_20170715_113317-768x576.jpg,
file,src/img/uploads/2021/04/IMG_20170715_113317-edited-1024x576.jpg,
file,src/img/uploads/2021/04/IMG_20170715_113317-edited-150x150.jpg,
file,src/img/uploads/2021/04/IMG_20170715_113317-edited-300x169.jpg,
file,src/img/uploads/2021/04/IMG_20170715_113317-edited-768x432.jpg,
file,src/img/uploads/2021/04/IMG_20170715_113317-edited.jpg,
file,src/img/uploads/2021/04/IMG_20170715_113317.jpg,
file,src/img/uploads/2021/04/IMG_20190629_153127-1024x512.jpg,
file,src/img/uploads/2021/04/IMG_20190629_153127-1200x600.jpg,
file,src/img/uploads/2021/04/IMG_20190629_153127-150x150.jpg,
file,src/img/uploads/2021/04/IMG_20190629_153127-1536x768.jpg,
file,src/img/uploads/2021/04/IMG_20190629_153127-300x150.jpg,
file,src/img/uploads/2021/04/IMG_20190629_153127-768x384.jpg,
file,src/img/uploads/2021/04/IMG_20190629_153127-edited-1024x578.jpg,
file,src/img/uploads/2021/04/IMG_20190629_153127-edited-1200x677.jpg,
file,src/img/uploads/2021/04/IMG_20190629_153127-edited-150x150.jpg,
file,src/img/uploads/2021/04/IMG_20190629_153127-edited-1536x866.jpg,
file,src/img/uploads/2021/04/IMG_20190629_153127-edited-300x169.jpg,
file,src/img/uploads/2021/04/IMG_20190629_153127-edited-768x433.jpg,
file,src/img/uploads/2021/04/IMG_20190629_153127-edited.jpg,
file,src/img/uploads/2021/04/IMG_20190629_153127.jpg,
file,src/img/uploads/2021/04/IMG_20190705_090029-1-1024x512.jpg,
file,src/img/uploads/2021/04/IMG_20190705_090029-1-1200x600.jpg,
file,src/img/uploads/2021/04/IMG_20190705_090029-1-150x150.jpg,
file,src/img/uploads/2021/04/IMG_20190705_090029-1-1536x768.jpg,
file,src/img/uploads/2021/04/IMG_20190705_090029-1-300x150.jpg,
file,src/img/uploads/2021/04/IMG_20190705_090029-1-768x384.jpg,
file,src/img/uploads/2021/04/IMG_20190705_090029-1.jpg,
file,src/img/uploads/2021/04/IMG_20200718_213143-1024x512.jpg,
file,src/img/uploads/2021/04/IMG_20200718_213143-1200x600.jpg,
file,src/img/uploads/2021/04/IMG_20200718_213143-150x150.jpg,
file,src/img/uploads/2021/04/IMG_20200718_213143-1536x768.jpg,
file,src/img/uploads/2021/04/IMG_20200718_213143-300x150.jpg,
file,src/img/uploads/2021/04/IMG_20200718_213143-768x384.jpg,
file,src/img/uploads/2021/04/IMG_20200718_213143-edited-1024x578.jpg,
file,src/img/uploads/2021/04/IMG_20200718_213143-edited-1200x677.jpg,
file,src/img/uploads/2021/04/IMG_20200718_213143-edited-150x150.jpg,
file,src/img/uploads/2021/04/IMG_20200718_213143-edited-1536x866.jpg,
file,src/img/uploads/2021/04/IMG_20200718_213143-edited-300x169.jpg,
file,src/img/uploads/2021/04/IMG_20200718_213143-edited-768x433.jpg,
file,src/img/uploads/2021/04/IMG_20200718_213143-edited.jpg,
file,src/img/uploads/2021/04/IMG_20200718_213143.jpg,
file,src/img/uploads/2021/04/IMG_20210407_094236-1024x512.jpg,
file,src/img/uploads/2021/04/IMG_20210407_094236-1200x600.jpg,
file,src/img/uploads/2021/04/IMG_20210407_094236-150x150.jpg,
file,src/img/uploads/2021/04/IMG_20210407_094236-1536x768.jpg,
file,src/img/uploads/2021/04/IMG_20210407_094236-1980x990.jpg,
file,src/img/uploads/2021/04/IMG_20210407_094236-2048x1024.jpg,
file,src/img/uploads/2021/04/IMG_20210407_094236-300x150.jpg,
file,src/img/uploads/2021/04/IMG_20210407_094236-768x384.jpg,
file,src/img/uploads/2021/04/IMG_20210407_094236-scaled.jpg,
file,src/img/uploads/2021/04/IMG_20210407_094236.jpg,
file,src/img/uploads/2021/04/IMG_20210407_094254-1024x512.jpg,
file,src/img/uploads/2021/04/IMG_20210407_094254-1200x600.jpg,
file,src/img/uploads/2021/04/IMG_20210407_094254-150x150.jpg,
file,src/img/uploads/2021/04/IMG_20210407_094254-1536x768.jpg,
file,src/img/uploads/2021/04/IMG_20210407_094254-1980x990.jpg,
file,src/img/uploads/2021/04/IMG_20210407_094254-2048x1024.jpg,
file,src/img/uploads/2021/04/IMG_20210407_094254-300x150.jpg,
file,src/img/uploads/2021/04/IMG_20210407_094254-768x384.jpg,
file,src/img/uploads/2021/04/IMG_20210407_094254-scaled.jpg,
file,src/img/uploads/2021/04/IMG_20210407_094254.jpg,
file,src/img/uploads/2021/04/IMG_20210407_094312-1024x512.jpg,
file,src/img/uploads/2021/04/IMG_20210407_094312-1200x600.jpg,
file,src/img/uploads/2021/04/IMG_20210407_094312-150x150.jpg,
file,src/img/uploads/2021/04/IMG_20210407_094312-1536x768.jpg,
file,src/img/uploads/2021/04/IMG_20210407_094312-1980x990.jpg,
file,src/img/uploads/2021/04/IMG_20210407_094312-2048x1024.jpg,
file,src/img/uploads/2021/04/IMG_20210407_094312-300x150.jpg,
file,src/img/uploads/2021/04/IMG_20210407_094312-768x384.jpg,
file,src/img/uploads/2021/04/IMG_20210407_094312-scaled.jpg,
file,src/img/uploads/2021/04/IMG_20210407_094312.jpg,
file,src/img/uploads/2021/04/IMG_20210407_094331-1024x512.jpg,
file,src/img/uploads/2021/04/IMG_20210407_094331-1200x600.jpg,
file,src/img/uploads/2021/04/IMG_20210407_094331-150x150.jpg,
file,src/img/uploads/2021/04/IMG_20210407_094331-1536x768.jpg,
file,src/img/uploads/2021/04/IMG_20210407_094331-1980x990.jpg,
file,src/img/uploads/2021/04/IMG_20210407_094331-2048x1024.jpg,
file,src/img/uploads/2021/04/IMG_20210407_094331-300x150.jpg,
file,src/img/uploads/2021/04/IMG_20210407_094331-768x384.jpg,
file,src/img/uploads/2021/04/IMG_20210407_094331-scaled.jpg,
file,src/img/uploads/2021/04/IMG_20210407_094331.jpg,
file,src/img/uploads/2021/04/IMG_20210407_094344-1024x512.jpg,
file,src/img/uploads/2021/04/IMG_20210407_094344-1200x600.jpg,
file,src/img/uploads/2021/04/IMG_20210407_094344-150x150.jpg,
file,src/img/uploads/2021/04/IMG_20210407_094344-1536x768.jpg,
file,src/img/uploads/2021/04/IMG_20210407_094344-1980x990.jpg,
file,src/img/uploads/2021/04/IMG_20210407_094344-2048x1024.jpg,
file,src/img/uploads/2021/04/IMG_20210407_094344-300x150.jpg,
file,src/img/uploads/2021/04/IMG_20210407_094344-768x384.jpg,
file,src/img/uploads/2021/04/IMG_20210407_094344-scaled.jpg,
file,src/img/uploads/2021/04/IMG_20210407_094344.jpg,
file,src/img/uploads/2021/04/IMG_20210407_094351-1024x512.jpg,
file,src/img/uploads/2021/04/IMG_20210407_094351-1200x600.jpg,
file,src/img/uploads/2021/04/IMG_20210407_094351-150x150.jpg,
file,src/img/uploads/2021/04/IMG_20210407_094351-1536x768.jpg,
file,src/img/uploads/2021/04/IMG_20210407_094351-1980x990.jpg,
file,src/img/uploads/2021/04/IMG_20210407_094351-2048x1024.jpg,
file,src/img/uploads/2021/04/IMG_20210407_094351-300x150.jpg,
file,src/img/uploads/2021/04/IMG_20210407_094351-768x384.jpg,
file,src/img/uploads/2021/04/IMG_20210407_094351-scaled.jpg,
file,src/img/uploads/2021/04/IMG_20210407_094351.jpg,
file,src/img/uploads/2021/04/pexels-photo-1128558-1024x768.jpeg,
file,src/img/uploads/2021/04/pexels-photo-1128558-1200x900.jpeg,
file,src/img/uploads/2021/04/pexels-photo-1128558-150x150.jpeg,
file,src/img/uploads/2021/04/pexels-photo-1128558-1536x1152.jpeg,
file,src/img/uploads/2021/04/pexels-photo-1128558-300x225.jpeg,
file,src/img/uploads/2021/04/pexels-photo-1128558-768x576.jpeg,
file,src/img/uploads/2021/04/pexels-photo-1128558-edited-1024x576.jpeg,
file,src/img/uploads/2021/04/pexels-photo-1128558-edited-1200x675.jpeg,
file,src/img/uploads/2021/04/pexels-photo-1128558-edited-150x150.jpeg,
file,src/img/uploads/2021/04/pexels-photo-1128558-edited-1536x864.jpeg,
file,src/img/uploads/2021/04/pexels-photo-1128558-edited-300x169.jpeg,
file,src/img/uploads/2021/04/pexels-photo-1128558-edited-768x432.jpeg,
file,src/img/uploads/2021/04/pexels-photo-1128558-edited.jpeg,
file,src/img/uploads/2021/04/pexels-photo-1128558.jpeg,
file,src/img/uploads/2021/04/pexels-photo-2867883-150x150.jpeg,
file,src/img/uploads/2021/04/pexels-photo-2867883-200x300.jpeg,
file,src/img/uploads/2021/04/pexels-photo-2867883-683x1024.jpeg,
file,src/img/uploads/2021/04/pexels-photo-2867883-768x1152.jpeg,
file,src/img/uploads/2021/04/pexels-photo-2867883-edited-150x150.jpeg,
file,src/img/uploads/2021/04/pexels-photo-2867883-edited-300x169.jpeg,
file,src/img/uploads/2021/04/pexels-photo-2867883-edited-768x432.jpeg,
file,src/img/uploads/2021/04/pexels-photo-2867883-edited.jpeg,
file,src/img/uploads/2021/04/pexels-photo-2867883.jpeg,
file,src/img/uploads/2021/04/pexels-photo-968299-1024x724.jpeg,
file,src/img/uploads/2021/04/pexels-photo-968299-1200x848.jpeg,
file,src/img/uploads/2021/04/pexels-photo-968299-150x150.jpeg,
file,src/img/uploads/2021/04/pexels-photo-968299-1536x1086.jpeg,
file,src/img/uploads/2021/04/pexels-photo-968299-300x212.jpeg,
file,src/img/uploads/2021/04/pexels-photo-968299-768x543.jpeg,
file,src/img/uploads/2021/04/pexels-photo-968299.jpeg,
file,src/img/uploads/2021/05/186527020_4021014661315692_7306576559190954017_n-150x150.jpg,
file,src/img/uploads/2021/05/186527020_4021014661315692_7306576559190954017_n-300x251.jpg,
file,src/img/uploads/2021/05/186527020_4021014661315692_7306576559190954017_n-768x644.jpg,
file,src/img/uploads/2021/05/186527020_4021014661315692_7306576559190954017_n.jpg,
file,src/img/uploads/2021/05/197296754_51c407c4b1_o-150x150.jpg,
file,src/img/uploads/2021/05/197296754_51c407c4b1_o-225x300.jpg,
file,src/img/uploads/2021/05/197296754_51c407c4b1_o.jpg,
file,src/img/uploads/2021/05/7172161b580470deb78078669236d2c1-150x150.jpg,
file,src/img/uploads/2021/05/7172161b580470deb78078669236d2c1-287x300.jpg,
file,src/img/uploads/2021/05/7172161b580470deb78078669236d2c1-768x804.jpg,
file,src/img/uploads/2021/05/7172161b580470deb78078669236d2c1.jpg,
file,src/img/uploads/2021/05/IMG_20180621_125258__01-150x150.jpg,
file,src/img/uploads/2021/05/IMG_20180621_125258__01-225x300.jpg,
file,src/img/uploads/2021/05/IMG_20180621_125258__01-768x1024.jpg,
file,src/img/uploads/2021/05/IMG_20180621_125258__01.jpg,
file,src/img/uploads/2021/05/IMG_20180621_163730-1024x512.jpg,
file,src/img/uploads/2021/05/IMG_20180621_163730-1200x600.jpg,
file,src/img/uploads/2021/05/IMG_20180621_163730-150x150.jpg,
file,src/img/uploads/2021/05/IMG_20180621_163730-1536x768.jpg,
file,src/img/uploads/2021/05/IMG_20180621_163730-1980x990.jpg,
file,src/img/uploads/2021/05/IMG_20180621_163730-2048x1024.jpg,
file,src/img/uploads/2021/05/IMG_20180621_163730-300x150.jpg,
file,src/img/uploads/2021/05/IMG_20180621_163730-768x384.jpg,
file,src/img/uploads/2021/05/IMG_20180621_163730.jpg,
file,src/img/uploads/2021/05/IMG_20180714_122145__01-1024x512.jpg,
file,src/img/uploads/2021/05/IMG_20180714_122145__01-1200x600.jpg,
file,src/img/uploads/2021/05/IMG_20180714_122145__01-150x150.jpg,
file,src/img/uploads/2021/05/IMG_20180714_122145__01-1536x768.jpg,
file,src/img/uploads/2021/05/IMG_20180714_122145__01-1980x990.jpg,
file,src/img/uploads/2021/05/IMG_20180714_122145__01-2048x1024.jpg,
file,src/img/uploads/2021/05/IMG_20180714_122145__01-300x150.jpg,
file,src/img/uploads/2021/05/IMG_20180714_122145__01-768x384.jpg,
file,src/img/uploads/2021/05/IMG_20180714_122145__01-e1619985796461.jpg,
file,src/img/uploads/2021/05/IMG_20180714_122145__01.jpg,
file,src/img/uploads/2021/05/IMG_20210425_113524-1024x512.jpg,
file,src/img/uploads/2021/05/IMG_20210425_113524-1200x600.jpg,
file,src/img/uploads/2021/05/IMG_20210425_113524-150x150.jpg,
file,src/img/uploads/2021/05/IMG_20210425_113524-1536x768.jpg,
file,src/img/uploads/2021/05/IMG_20210425_113524-1980x990.jpg,
file,src/img/uploads/2021/05/IMG_20210425_113524-2048x1024.jpg,
file,src/img/uploads/2021/05/IMG_20210425_113524-300x150.jpg,
file,src/img/uploads/2021/05/IMG_20210425_113524-768x384.jpg,
file,src/img/uploads/2021/05/IMG_20210425_113524.jpg,
file,src/img/uploads/2021/05/main-qimg-bb2d44ac46655fde22f23747af5eb954-1-150x150.png,
file,src/img/uploads/2021/05/main-qimg-bb2d44ac46655fde22f23747af5eb954-1-300x169.png,
file,src/img/uploads/2021/05/main-qimg-bb2d44ac46655fde22f23747af5eb954-1.png,
file,src/img/uploads/2021/06/642eff42824cbac408b13ce46738a081.TLC-200M-U2-4K-150x150.png,
file,src/img/uploads/2021/06/642eff42824cbac408b13ce46738a081.TLC-200M-U2-4K-284x300.png,
file,src/img/uploads/2021/06/642eff42824cbac408b13ce46738a081.TLC-200M-U2-4K-edited-150x150.png,
file,src/img/uploads/2021/06/642eff42824cbac408b13ce46738a081.TLC-200M-U2-4K-edited-300x225.png,
file,src/img/uploads/2021/06/642eff42824cbac408b13ce46738a081.TLC-200M-U2-4K-edited.png,
file,src/img/uploads/2021/06/642eff42824cbac408b13ce46738a081.TLC-200M-U2-4K.png,
file,src/img/uploads/2021/06/Untitled-design-1024x512.jpg,
file,src/img/uploads/2021/06/Untitled-design-1200x600.jpg,
file,src/img/uploads/2021/06/Untitled-design-150x150.jpg,
file,src/img/uploads/2021/06/Untitled-design-1536x768.jpg,
file,src/img/uploads/2021/06/Untitled-design-1980x990.jpg,
file,src/img/uploads/2021/06/Untitled-design-2048x1024.jpg,
file,src/img/uploads/2021/06/Untitled-design-300x150.jpg,
file,src/img/uploads/2021/06/Untitled-design-768x384.jpg,
file,src/img/uploads/2021/06/Untitled-design-scaled-e1623329425586-1024x301.jpg,
file,src/img/uploads/2021/06/Untitled-design-scaled-e1623329425586-1200x353.jpg,
file,src/img/uploads/2021/06/Untitled-design-scaled-e1623329425586-150x150.jpg,
file,src/img/uploads/2021/06/Untitled-design-scaled-e1623329425586-1536x452.jpg,
file,src/img/uploads/2021/06/Untitled-design-scaled-e1623329425586-300x88.jpg,
file,src/img/uploads/2021/06/Untitled-design-scaled-e1623329425586-768x226.jpg,
file,src/img/uploads/2021/06/Untitled-design-scaled-e1623329425586.jpg,
file,src/img/uploads/2021/06/Untitled-design-scaled.jpg,
file,src/img/uploads/2021/06/Untitled-design.jpg,
file,src/img/uploads/2021/06/download-1-150x150.jpg,
file,src/img/uploads/2021/06/download-1-150x150.png,
file,src/img/uploads/2021/06/download-1-e1623331233316-150x59.jpg,
file,src/img/uploads/2021/06/download-1-e1623331233316.jpg,
file,src/img/uploads/2021/06/download-1.jpg,
file,src/img/uploads/2021/06/download-1.png,
file,src/img/uploads/2021/06/hpi-150x150.png,
file,src/img/uploads/2021/06/hpi-175x300.png,
file,src/img/uploads/2021/06/hpi.png,
file,src/img/uploads/2021/06/owl_labs_mtw200_1000_meeting_owl_pro_360_1579623881_1529936-150x150.jpg,
file,src/img/uploads/2021/06/owl_labs_mtw200_1000_meeting_owl_pro_360_1579623881_1529936-300x300.jpg,
file,src/img/uploads/2021/06/owl_labs_mtw200_1000_meeting_owl_pro_360_1579623881_1529936.jpg,
file,src/img/uploads/2021/09/1920px-Bridge_Hupisaaret_Oulu_20200626_01-1024x769.jpg,
file,src/img/uploads/2021/09/1920px-Bridge_Hupisaaret_Oulu_20200626_01-1200x901.jpg,
file,src/img/uploads/2021/09/1920px-Bridge_Hupisaaret_Oulu_20200626_01-150x150.jpg,
file,src/img/uploads/2021/09/1920px-Bridge_Hupisaaret_Oulu_20200626_01-1536x1154.jpg,
file,src/img/uploads/2021/09/1920px-Bridge_Hupisaaret_Oulu_20200626_01-300x225.jpg,
file,src/img/uploads/2021/09/1920px-Bridge_Hupisaaret_Oulu_20200626_01-768x577.jpg,
file,src/img/uploads/2021/09/1920px-Bridge_Hupisaaret_Oulu_20200626_01.jpg,
file,src/img/uploads/2021/09/2018_15_03_5aaa28e833871_1120-1024x575.jpg,
file,src/img/uploads/2021/09/2018_15_03_5aaa28e833871_1120-150x150.jpg,
file,src/img/uploads/2021/09/2018_15_03_5aaa28e833871_1120-300x168.jpg,
file,src/img/uploads/2021/09/2018_15_03_5aaa28e833871_1120-768x431.jpg,
file,src/img/uploads/2021/09/2018_15_03_5aaa28e833871_1120.jpg,
file,src/img/uploads/2021/10/Add-a-heading-1-150x150.png,
file,src/img/uploads/2021/10/Add-a-heading-1-300x78.png,
file,src/img/uploads/2021/10/Add-a-heading-1-768x200.png,
file,src/img/uploads/2021/10/Add-a-heading-1.png,
file,src/img/uploads/2021/10/Kollegio-banneri-1-150x150.png,
file,src/img/uploads/2021/10/Kollegio-banneri-1-300x114.png,
file,src/img/uploads/2021/10/Kollegio-banneri-1-768x292.png,
file,src/img/uploads/2021/10/Kollegio-banneri-1.png,
file,src/img/uploads/2021/10/Untitled-design-10-150x150.png,
file,src/img/uploads/2021/10/Untitled-design-10-300x78.png,
file,src/img/uploads/2021/10/Untitled-design-10-768x200.png,
file,src/img/uploads/2021/10/Untitled-design-10.png,
file,src/img/uploads/2021/10/pexels-photo-1036645-150x150.jpeg,
file,src/img/uploads/2021/10/pexels-photo-1036645-200x300.jpeg,
file,src/img/uploads/2021/10/pexels-photo-1036645-684x1024.jpeg,
file,src/img/uploads/2021/10/pexels-photo-1036645-768x1150.jpeg,
file,src/img/uploads/2021/10/pexels-photo-1036645.jpeg,
file,src/img/uploads/2021/10/pexels-photo-2007647-150x150.jpeg,
file,src/img/uploads/2021/10/pexels-photo-2007647-219x300.jpeg,
file,src/img/uploads/2021/10/pexels-photo-2007647-748x1024.jpeg,
file,src/img/uploads/2021/10/pexels-photo-2007647-768x1052.jpeg,
file,src/img/uploads/2021/10/pexels-photo-2007647.jpeg,
file,src/img/uploads/2021/11/Copy-of-Somekuva-nelio-kuvalla-ja-numerolla-1024x1024.png,
file,src/img/uploads/2021/11/Copy-of-Somekuva-nelio-kuvalla-ja-numerolla-150x150.png,
file,src/img/uploads/2021/11/Copy-of-Somekuva-nelio-kuvalla-ja-numerolla-300x300.png,
file,src/img/uploads/2021/11/Copy-of-Somekuva-nelio-kuvalla-ja-numerolla-768x768.png,
file,src/img/uploads/2021/11/Copy-of-Somekuva-nelio-kuvalla-ja-numerolla.png,
file,src/img/uploads/2021/11/Nayttokuva-2021-11-29-202457-150x150.png,
file,src/img/uploads/2021/11/Nayttokuva-2021-11-29-202457-300x174.png,
file,src/img/uploads/2021/11/Nayttokuva-2021-11-29-202457.png,
file,src/img/uploads/2021/11/pexels-photo-8363028-1024x682.jpeg,
file,src/img/uploads/2021/11/pexels-photo-8363028-1200x800.jpeg,
file,src/img/uploads/2021/11/pexels-photo-8363028-150x150.jpeg,
file,src/img/uploads/2021/11/pexels-photo-8363028-1536x1024.jpeg,
file,src/img/uploads/2021/11/pexels-photo-8363028-300x200.jpeg,
file,src/img/uploads/2021/11/pexels-photo-8363028-768x512.jpeg,
file,src/img/uploads/2021/11/pexels-photo-8363028.jpeg,
file,src/img/uploads/2021/11/piqsels.com-id-femhj-1024x683.jpg,
file,src/img/uploads/2021/11/piqsels.com-id-femhj-1200x800.jpg,
file,src/img/uploads/2021/11/piqsels.com-id-femhj-150x150.jpg,
file,src/img/uploads/2021/11/piqsels.com-id-femhj-1536x1024.jpg,
file,src/img/uploads/2021/11/piqsels.com-id-femhj-1980x1320.jpg,
file,src/img/uploads/2021/11/piqsels.com-id-femhj-2048x1365.jpg,
file,src/img/uploads/2021/11/piqsels.com-id-femhj-300x200.jpg,
file,src/img/uploads/2021/11/piqsels.com-id-femhj-768x512.jpg,
file,src/img/uploads/2021/11/piqsels.com-id-femhj.jpg,
file,src/img/uploads/2021/12/1280px-Oulun_Normaalikoulu_2006_05_21-1024x768.jpg,
file,src/img/uploads/2021/12/1280px-Oulun_Normaalikoulu_2006_05_21-1200x900.jpg,
file,src/img/uploads/2021/12/1280px-Oulun_Normaalikoulu_2006_05_21-150x150.jpg,
file,src/img/uploads/2021/12/1280px-Oulun_Normaalikoulu_2006_05_21-300x225.jpg,
file,src/img/uploads/2021/12/1280px-Oulun_Normaalikoulu_2006_05_21-768x576.jpg,
file,src/img/uploads/2021/12/1280px-Oulun_Normaalikoulu_2006_05_21.jpg,
file,src/img/uploads/2021/12/266457527_287359956738505_5010534775034098951_n-1024x576.jpg,
file,src/img/uploads/2021/12/266457527_287359956738505_5010534775034098951_n-1200x675.jpg,
file,src/img/uploads/2021/12/266457527_287359956738505_5010534775034098951_n-150x150.jpg,
file,src/img/uploads/2021/12/266457527_287359956738505_5010534775034098951_n-1536x864.jpg,
file,src/img/uploads/2021/12/266457527_287359956738505_5010534775034098951_n-300x169.jpg,
file,src/img/uploads/2021/12/266457527_287359956738505_5010534775034098951_n-768x432.jpg,
file,src/img/uploads/2021/12/266457527_287359956738505_5010534775034098951_n.jpg,
file,src/img/uploads/2021/12/Wheat-Stalks-Store-Header-1-1-1024x178.png,
file,src/img/uploads/2021/12/Wheat-Stalks-Store-Header-1-1-1200x208.png,
file,src/img/uploads/2021/12/Wheat-Stalks-Store-Header-1-1-150x150.png,
file,src/img/uploads/2021/12/Wheat-Stalks-Store-Header-1-1-1536x266.png,
file,src/img/uploads/2021/12/Wheat-Stalks-Store-Header-1-1-1980x343.png,
file,src/img/uploads/2021/12/Wheat-Stalks-Store-Header-1-1-2048x355.png,
file,src/img/uploads/2021/12/Wheat-Stalks-Store-Header-1-1-300x52.png,
file,src/img/uploads/2021/12/Wheat-Stalks-Store-Header-1-1-768x133.png,
file,src/img/uploads/2021/12/Wheat-Stalks-Store-Header-1-1.png,
file,src/img/uploads/2021/12/Wheat-Stalks-Store-Header-1-1024x178.png,
file,src/img/uploads/2021/12/Wheat-Stalks-Store-Header-1-1200x208.png,
file,src/img/uploads/2021/12/Wheat-Stalks-Store-Header-1-150x150.png,
file,src/img/uploads/2021/12/Wheat-Stalks-Store-Header-1-1536x266.png,
file,src/img/uploads/2021/12/Wheat-Stalks-Store-Header-1-1980x343.png,
file,src/img/uploads/2021/12/Wheat-Stalks-Store-Header-1-2-1024x178.png,
file,src/img/uploads/2021/12/Wheat-Stalks-Store-Header-1-2-1200x208.png,
file,src/img/uploads/2021/12/Wheat-Stalks-Store-Header-1-2-150x150.png,
file,src/img/uploads/2021/12/Wheat-Stalks-Store-Header-1-2-1536x266.png,
file,src/img/uploads/2021/12/Wheat-Stalks-Store-Header-1-2-1980x343.png,
file,src/img/uploads/2021/12/Wheat-Stalks-Store-Header-1-2-2048x355.png,
file,src/img/uploads/2021/12/Wheat-Stalks-Store-Header-1-2-300x52.png,
file,src/img/uploads/2021/12/Wheat-Stalks-Store-Header-1-2-768x133.png,
file,src/img/uploads/2021/12/Wheat-Stalks-Store-Header-1-2.png,
file,src/img/uploads/2021/12/Wheat-Stalks-Store-Header-1-2048x355.png,
file,src/img/uploads/2021/12/Wheat-Stalks-Store-Header-1-300x52.png,
file,src/img/uploads/2021/12/Wheat-Stalks-Store-Header-1-768x133.png,
file,src/img/uploads/2021/12/Wheat-Stalks-Store-Header-1.png,
file,src/img/uploads/2021/12/chrome_PngYS13PrN-1024x576.jpg,
file,src/img/uploads/2021/12/chrome_PngYS13PrN-1200x675.jpg,
file,src/img/uploads/2021/12/chrome_PngYS13PrN-150x150.jpg,
file,src/img/uploads/2021/12/chrome_PngYS13PrN-1536x864.jpg,
file,src/img/uploads/2021/12/chrome_PngYS13PrN-300x169.jpg,
file,src/img/uploads/2021/12/chrome_PngYS13PrN-768x432.jpg,
file,src/img/uploads/2021/12/chrome_PngYS13PrN.jpg,
file,src/img/uploads/2021/12/chrome_bbSL1XPM4W-1024x576.jpg,
file,src/img/uploads/2021/12/chrome_bbSL1XPM4W-1200x675.jpg,
file,src/img/uploads/2021/12/chrome_bbSL1XPM4W-150x150.jpg,
file,src/img/uploads/2021/12/chrome_bbSL1XPM4W-1536x864.jpg,
file,src/img/uploads/2021/12/chrome_bbSL1XPM4W-300x169.jpg,
file,src/img/uploads/2021/12/chrome_bbSL1XPM4W-768x432.jpg,
file,src/img/uploads/2021/12/chrome_bbSL1XPM4W.jpg,
file,src/img/uploads/2021/12/kirjasto_vaalit-1024x576.jpg,
file,src/img/uploads/2021/12/kirjasto_vaalit-1200x675.jpg,
file,src/img/uploads/2021/12/kirjasto_vaalit-150x150.jpg,
file,src/img/uploads/2021/12/kirjasto_vaalit-1536x864.jpg,
file,src/img/uploads/2021/12/kirjasto_vaalit-300x169.jpg,
file,src/img/uploads/2021/12/kirjasto_vaalit-768x432.jpg,
file,src/img/uploads/2021/12/kirjasto_vaalit.jpg,
file,src/img/uploads/2021/12/liminka_pk-1024x576.jpg,
file,src/img/uploads/2021/12/liminka_pk-1200x675.jpg,
file,src/img/uploads/2021/12/liminka_pk-150x150.jpg,
file,src/img/uploads/2021/12/liminka_pk-1536x864.jpg,
file,src/img/uploads/2021/12/liminka_pk-300x169.jpg,
file,src/img/uploads/2021/12/liminka_pk-768x432.jpg,
file,src/img/uploads/2021/12/liminka_pk.jpg,
file,src/img/uploads/2022/01/Copy-of-Kollegio-banneri-150x150-1-150x150.png,
file,src/img/uploads/2022/01/Copy-of-Kollegio-banneri-150x150-1.png,
file,src/img/uploads/2022/01/Copy-of-Kollegio-banneri-150x150.png,
file,src/img/uploads/2022/01/Copy-of-Kollegio-banneri-300x114.png,
file,src/img/uploads/2022/01/Copy-of-Kollegio-banneri-768x292.png,
file,src/img/uploads/2022/01/Copy-of-Kollegio-banneri.png,
file,src/img/uploads/2022/01/Klikkaa-kuvaa-paastaksesi-lahjoituspalveluun-1-150x150.png,
file,src/img/uploads/2022/01/Klikkaa-kuvaa-paastaksesi-lahjoituspalveluun-1-300x251.png,
file,src/img/uploads/2022/01/Klikkaa-kuvaa-paastaksesi-lahjoituspalveluun-1-768x644.png,
file,src/img/uploads/2022/01/Klikkaa-kuvaa-paastaksesi-lahjoituspalveluun-1.png,
file,src/img/uploads/2022/01/Pasi-Laukka-SDP.-2-1024x576.png,
file,src/img/uploads/2022/01/Pasi-Laukka-SDP.-2-1200x675.png,
file,src/img/uploads/2022/01/Pasi-Laukka-SDP.-2-150x150.png,
file,src/img/uploads/2022/01/Pasi-Laukka-SDP.-2-1536x864.png,
file,src/img/uploads/2022/01/Pasi-Laukka-SDP.-2-300x169.png,
file,src/img/uploads/2022/01/Pasi-Laukka-SDP.-2-768x432.png,
file,src/img/uploads/2022/01/Pasi-Laukka-SDP.-2.png,
file,src/img/uploads/2022/01/Untitled-design-17-150x150.png,
file,src/img/uploads/2022/01/Untitled-design-17-300x150.png,
file,src/img/uploads/2022/01/Untitled-design-17.png,
file,src/img/uploads/2022/01/Untitled-design-18-150x150.png,
file,src/img/uploads/2022/01/Untitled-design-18-300x150.png,
file,src/img/uploads/2022/01/Untitled-design-18.png,
file,src/img/uploads/2022/01/Untitled-design-19-150x150.png,
file,src/img/uploads/2022/01/Untitled-design-19-300x150.png,
file,src/img/uploads/2022/01/Untitled-design-19.png,
file,src/img/uploads/2022/01/Untitled-design-20-150x150.png,
file,src/img/uploads/2022/01/Untitled-design-20-300x150.png,
file,src/img/uploads/2022/01/Untitled-design-20.png,
file,src/img/uploads/2022/01/Untitled-design-21-150x150.png,
file,src/img/uploads/2022/01/Untitled-design-21-300x150.png,
file,src/img/uploads/2022/01/Untitled-design-21.png,
file,src/img/uploads/2022/01/Untitled-design-22-150x150.png,
file,src/img/uploads/2022/01/Untitled-design-22-300x150.png,
file,src/img/uploads/2022/01/Untitled-design-22.png,
file,src/img/uploads/2022/01/Untitled-design-23-150x150.png,
file,src/img/uploads/2022/01/Untitled-design-23-300x150.png,
file,src/img/uploads/2022/01/Untitled-design-23.png,
file,src/img/uploads/2022/01/Untitled-design-24-150x150.png,
file,src/img/uploads/2022/01/Untitled-design-24-300x150.png,
file,src/img/uploads/2022/01/Untitled-design-24.png,
file,src/img/uploads/2022/01/Untitled-design-25-150x150.png,
file,src/img/uploads/2022/01/Untitled-design-25-300x150.png,
file,src/img/uploads/2022/01/Untitled-design-25.png,
file,src/img/uploads/2022/01/Untitled-design-26-150x150.png,
file,src/img/uploads/2022/01/Untitled-design-26-300x150.png,
file,src/img/uploads/2022/01/Untitled-design-26.png,
file,src/img/uploads/2022/01/feature1-150x150.jpg,
file,src/img/uploads/2022/01/feature1-300x180.jpg,
file,src/img/uploads/2022/01/feature1.jpg,
file,src/img/uploads/2022/01/feature2-150x150.jpg,
file,src/img/uploads/2022/01/feature2-300x180.jpg,
file,src/img/uploads/2022/01/feature2.jpg,
file,src/img/uploads/2022/01/feature3-150x150.jpg,
file,src/img/uploads/2022/01/feature3-300x180.jpg,
file,src/img/uploads/2022/01/feature3.jpg,
file,src/img/uploads/2022/01/feature4-150x150.jpg,
file,src/img/uploads/2022/01/feature4-300x180.jpg,
file,src/img/uploads/2022/01/feature4.jpg,
file,src/img/uploads/2022/01/himmeli4-150x150.jpg,
file,src/img/uploads/2022/01/himmeli4-300x200.jpg,
file,src/img/uploads/2022/01/himmeli4.jpg,
file,src/img/uploads/2022/01/image-and-text-10-150x150.jpg,
file,src/img/uploads/2022/01/image-and-text-10-300x200.jpg,
file,src/img/uploads/2022/01/image-and-text-10.jpg,
file,src/img/uploads/2022/01/image-and-text-11-150x150.jpg,
file,src/img/uploads/2022/01/image-and-text-11-300x200.jpg,
file,src/img/uploads/2022/01/image-and-text-11.jpg,
file,src/img/uploads/2022/01/image-and-text-12-150x150.jpg,
file,src/img/uploads/2022/01/image-and-text-12-300x200.jpg,
file,src/img/uploads/2022/01/image-and-text-12.jpg,
file,src/img/uploads/2022/01/image-and-text-4-150x150.jpg,
file,src/img/uploads/2022/01/image-and-text-4-300x200.jpg,
file,src/img/uploads/2022/01/image-and-text-4.jpg,
file,src/img/uploads/2022/01/image-and-text-5-150x150.jpg,
file,src/img/uploads/2022/01/image-and-text-5-300x200.jpg,
file,src/img/uploads/2022/01/image-and-text-5.jpg,
file,src/img/uploads/2022/01/image-and-text-7-150x150.jpg,
file,src/img/uploads/2022/01/image-and-text-7-300x200.jpg,
file,src/img/uploads/2022/01/image-and-text-7.jpg,
file,src/img/uploads/2022/01/image-and-text-9-150x150.jpg,
file,src/img/uploads/2022/01/image-and-text-9-300x200.jpg,
file,src/img/uploads/2022/01/image-and-text-9.jpg,
file,src/img/uploads/2022/01/pexels-photo-1682497-1024x682.jpeg,
file,src/img/uploads/2022/01/pexels-photo-1682497-1200x800.jpeg,
file,src/img/uploads/2022/01/pexels-photo-1682497-150x150.jpeg,
file,src/img/uploads/2022/01/pexels-photo-1682497-1536x1024.jpeg,
file,src/img/uploads/2022/01/pexels-photo-1682497-300x200.jpeg,
file,src/img/uploads/2022/01/pexels-photo-1682497-768x512.jpeg,
file,src/img/uploads/2022/01/pexels-photo-1682497.jpeg,
file,src/img/uploads/2022/01/pexels-photo-302083-1024x682.jpeg,
file,src/img/uploads/2022/01/pexels-photo-302083-1200x800.jpeg,
file,src/img/uploads/2022/01/pexels-photo-302083-150x150.jpeg,
file,src/img/uploads/2022/01/pexels-photo-302083-1536x1024.jpeg,
file,src/img/uploads/2022/01/pexels-photo-302083-300x200.jpeg,
file,src/img/uploads/2022/01/pexels-photo-302083-768x512.jpeg,
file,src/img/uploads/2022/01/pexels-photo-302083.jpeg,
file,src/img/uploads/2022/01/service-thumb-2-150x150.jpg,
file,src/img/uploads/2022/01/service-thumb-2-300x300.jpg,
file,src/img/uploads/2022/01/service-thumb-2.jpg,
file,src/img/uploads/2022/01/service-thumb-3-150x150.jpg,
file,src/img/uploads/2022/01/service-thumb-3-300x300.jpg,
file,src/img/uploads/2022/01/service-thumb-3.jpg,
file,src/img/uploads/2022/01/testimonial-1-150x150.jpg,
file,src/img/uploads/2022/01/testimonial-1-300x300.jpg,
file,src/img/uploads/2022/01/testimonial-1.jpg,
file,src/img/uploads/2022/01/testimonial-4-150x150.jpg,
file,src/img/uploads/2022/01/testimonial-4-300x300.jpg,
file,src/img/uploads/2022/01/testimonial-4.jpg,
file,src/img/uploads/2022/01/testimonial-5-150x150.jpg,
file,src/img/uploads/2022/01/testimonial-5-300x300.jpg,
file,src/img/uploads/2022/01/testimonial-5.jpg,
file,src/img/uploads/2022/01/thumb-1-150x150.jpg,
file,src/img/uploads/2022/01/thumb-1-300x300.jpg,
file,src/img/uploads/2022/01/thumb-1.jpg,
file,src/img/uploads/2022/01/thumb-2-150x150.jpg,
file,src/img/uploads/2022/01/thumb-2-300x300.jpg,
file,src/img/uploads/2022/01/thumb-2.jpg,
file,src/img/uploads/2022/01/thumb-3-150x150.jpg,
file,src/img/uploads/2022/01/thumb-3-300x300.jpg,
file,src/img/uploads/2022/01/thumb-3.jpg,
file,src/img/uploads/2022/01/thumb-4-150x150.jpg,
file,src/img/uploads/2022/01/thumb-4-300x300.jpg,
file,src/img/uploads/2022/01/thumb-4.jpg,
file,src/img/uploads/2022/01/tulee-myohemmin-1-150x150.png,
file,src/img/uploads/2022/01/tulee-myohemmin-1-300x150.png,
file,src/img/uploads/2022/01/tulee-myohemmin-1.png,
file,src/img/uploads/2022/01/tulee-myohemmin-150x150.png,
file,src/img/uploads/2022/01/tulee-myohemmin-300x150.png,
file,src/img/uploads/2022/01/tulee-myohemmin.png,
file,src/img/uploads/2022/02/Paattajalta-Keskustakampuksen-lammikossa-uiva-musta-joutsen-uhkaa-alueemme-ICT-sektoria-1-150x150.png,
file,src/img/uploads/2022/02/Paattajalta-Keskustakampuksen-lammikossa-uiva-musta-joutsen-uhkaa-alueemme-ICT-sektoria-1-300x251.png,
file,src/img/uploads/2022/02/Paattajalta-Keskustakampuksen-lammikossa-uiva-musta-joutsen-uhkaa-alueemme-ICT-sektoria-1-768x644.png,
file,src/img/uploads/2022/02/Paattajalta-Keskustakampuksen-lammikossa-uiva-musta-joutsen-uhkaa-alueemme-ICT-sektoria-1.png,
file,src/img/uploads/2022/02/Paattajalta-Keskustakampuksen-lammikossa-uiva-musta-joutsen-uhkaa-alueemme-ICT-sektoria-150x150.png,
file,src/img/uploads/2022/02/Paattajalta-Keskustakampuksen-lammikossa-uiva-musta-joutsen-uhkaa-alueemme-ICT-sektoria-300x251.png,
file,src/img/uploads/2022/02/Paattajalta-Keskustakampuksen-lammikossa-uiva-musta-joutsen-uhkaa-alueemme-ICT-sektoria-768x644.png,
file,src/img/uploads/2022/02/Paattajalta-Keskustakampuksen-lammikossa-uiva-musta-joutsen-uhkaa-alueemme-ICT-sektoria.png,
file,src/img/uploads/2023/02/Oulu_Bus_Station_20190217-1024x695.jpg,
file,src/img/uploads/2023/02/Oulu_Bus_Station_20190217-1200x815.jpg,
file,src/img/uploads/2023/02/Oulu_Bus_Station_20190217-150x150.jpg,
file,src/img/uploads/2023/02/Oulu_Bus_Station_20190217-1536x1043.jpg,
file,src/img/uploads/2023/02/Oulu_Bus_Station_20190217-300x204.jpg,
file,src/img/uploads/2023/02/Oulu_Bus_Station_20190217-768x522.jpg,
file,src/img/uploads/2023/02/Oulu_Bus_Station_20190217.jpg,
file,src/img/uploads/2023/10/Ammanvayla_bikeway_bridge_Oulu_20190818_02-scaled.jpg,
file,src/img/uploads/2023/10/Ammanvayla_bikeway_bridge_Oulu_20190818_02.jpg,
file,src/img/uploads/2023/10/osyk-kuva-150x150.jpeg,
file,src/img/uploads/2023/10/osyk-kuva.jpeg,
reference,{{ pub.data.thumbnail }},src/julkaisut-tieteelliset.njk
reference,{{ pub.data.thumbnail }},src/julkaisut-tieteelliset.njk
reference,/img/hero.webp,src/index.njk
reference,{{ pub.data.thumbnail }},src/kynasta.njk
reference,{{ pub.data.thumbnail }},src/kynasta.njk
reference,{{ pub.data.thumbnail }},src/kynasta.njk
reference,{{ pub.data.thumbnail }},src/kynasta.njk
reference,{{ item.data.thumbnail }},src/kynasta.njk
reference,{{ item.data.thumbnail }},src/kynasta.njk
reference,{{ pub.data.thumbnail }},src/kynasta.njk
reference,{{ pub.data.thumbnail }},src/kynasta.njk
reference,{{ post.data.thumbnail }},src/kynasta.njk
reference,{{ pub.data.thumbnail }},src/kynasta.njk
reference,{{ item.data.thumbnail }},src/kategoriat.njk
reference,{{ item.data.thumbnail }},src/avainsanat.njk
reference,{{ thumbnail }},src/_includes/blog-post.njk
reference,{{ post.data.thumbnail }},src/_includes/blog-list.njk
reference,{{ thumbnail }},src/_includes/portfolio.njk
reference,{{ item.data.thumbnail }},src/_includes/portfolio-list.njk
reference,../../assets/img/hero.webp,src/css/template.css
reference,/img/uploads/2021/11/Copy-of-Somekuva-nelio-kuvalla-ja-numerolla-1024x1024.png,src/publications/talousarvioesitys-2020-yksityisen-varhaiskasvatuksen-osuutta-tulee-lisata-25.md
reference,https://1.bp.blogspot.com/-IZ6iYqkma2k/Xe43KiBY01I/AAAAAAAAARw/xeP_rTMfqModo9Mo79SJxnv6jw66lvMVgCLcBGAsYHQ/s400/sanapilvi.jpg,src/publications/monilukutaitoa-keinoalya-ja-koodaamista-s2-opetuksessa.md
reference,/img/uploads/2021/02/image-3.png,src/publications/mita-kuuluu-oulun-yhdyskuntalietteiden-kasittelylle.md
reference,/img/uploads/2021/12/Wheat-Stalks-Store-Header-1-2-1024x178.png,src/publications/kuntien-rooli-hyvinvoinnin-edistajana-ei-lakkaa-sote-rakenneuudistuksen-jalkeen.md
reference,//static.embed.ly/images/logos/embedly-powered-small-light.png,src/publications/paper-1-scaffolding-different-learning-activities-with-mobile-tools-in-three-everyday-contexts.md
reference,/img/uploads/2021/01/ekapuhe.jpg,src/publications/1-puheenvuoroni-oulun-kaupunginvaltuutettuna.md
reference,//static.embed.ly/images/logos/embedly-powered-small-light.png,src/publications/paper-3-supporting-small-group-learning-using-multiple-web-2-0-tools-a-case-study-inthe-higher-education-context.md
reference,https://static.xx.fbcdn.net/images/emoji.php/v9/t4c/1/16/1f642.png,src/publications/vierailu-kempeleen-kunnassa-aiheena-asukkaiden-huoli-jatevesilietteiden-kasittelyyn-liittyen.md
reference,https://static.xx.fbcdn.net/images/emoji.php/v9/t4c/1/16/1f642.png,src/publications/porisuta-porvaria-koulutuksesta.md
reference,//static.embed.ly/images/logos/embedly-powered-small-light.png,src/publications/paper-2-social-patterns-in-mobile-technology-mediated-collaboration-among-members-of-the-professional-distance-education-community.md
reference,//static.embed.ly/images/logos/embedly-powered-small-light.png,src/publications/paper-2-social-patterns-in-mobile-technology-mediated-collaboration-among-members-of-the-professional-distance-education-community.md
reference,/img/uploads/2021/01/kauposapuhe-813x1024.jpg,src/publications/puhe-valtuustossa-kuka-puolustaisi-kaupungin-jokaista-kaupunginosaa.md
reference,/img/uploads/2021/02/laru_jari_3448_web-removebg-preview-1-e1613760400900.png,src/blog/aanesta-jari-laru-oulun-yliopiston-kollegioon.md
reference,/img/uploads/2020/08/University-of-Oulu-Linnanmaa-1024x683.jpg,src/blog/aanesta-jari-laru-oulun-yliopiston-kollegioon.md
reference,/img/uploads/2021/03/WIN_20210329_16_06_01_Pro-1024x576.jpg,src/blog/aanesta-jari-laru-oulun-yliopiston-kollegioon.md
reference,/img/uploads/2021/10/pexels-photo-1036645.jpeg,src/blog/aanesta-jari-laru-oulun-yliopiston-kollegioon.md
reference,https://static.xx.fbcdn.net/images/emoji.php/v9/t57/1/16/1f609.png,src/blog/asiaa-himmeleista-ja-aluehallinnosta.md
reference,http://eevis.info/uploads/images/lapset_ja_nuoret_banneri.gif,src/blog/bensalenkkareista-ja-piraateista-miten-jaalin-nuorisoa-voisi-ottaa-paremmin-huomioon.md
reference,https://static.xx.fbcdn.net/images/emoji.php/v9/t4c/1/16/1f642.png,src/blog/olisikohan-oululla-mahdollista-paasta-vastaavaan-kukoistukseen-kuin-muinainen-paliputra-tai-miletos.md
reference,https://static.xx.fbcdn.net/images/emoji.php/v9/t4c/1/16/1f642.png,src/blog/olisikohan-oululla-mahdollista-paasta-vastaavaan-kukoistukseen-kuin-muinainen-paliputra-tai-miletos.md
reference,/img/uploads/2021/01/kukokaupungit.jpg,src/blog/olisikohan-oululla-mahdollista-paasta-vastaavaan-kukoistukseen-kuin-muinainen-paliputra-tai-miletos.md
reference,/img/uploads/2021/01/verkkolive.jpg,src/blog/jari-larun-verkkolive.md
reference,/img/uploads/2020/03/studio_wp-723x1024.png,src/blog/jari-larun-verkkolive.md
reference,/img/uploads/2021/01/puiravame.jpg,src/blog/tein-muutosesityksen-jokirannan-koulu-tulee-sijoittaa-puiravan-kolmioon.md
reference,/img/uploads/2021/04/IMG_20210407_094236-scaled.jpg,src/blog/ktk149-digiluokka.md
reference,/img/uploads/2021/04/IMG_20210407_094254-scaled.jpg,src/blog/ktk149-digiluokka.md
reference,/img/uploads/2021/04/IMG_20210407_094312-scaled.jpg,src/blog/ktk149-digiluokka.md
reference,/img/uploads/2021/04/IMG_20210407_094344-scaled.jpg,src/blog/ktk149-digiluokka.md
reference,/img/uploads/2021/04/IMG_20210407_094351-scaled.jpg,src/blog/ktk149-digiluokka.md
reference,/img/uploads/2021/01/kartta-1024x495.png,src/blog/roadtrip-oulu-skopje-oulu-vajaa-10-000km.md
reference,/img/uploads/2021/02/kissa.png,src/blog/vuoden-2017-kuntavaalit.md
reference,/img/uploads/2021/02/koira.png,src/blog/vuoden-2017-kuntavaalit.md
reference,/img/uploads/2021/06/download-1-e1623331233316.jpg,src/blog/larun-laitenurkka-testaa-kandao-360-kokouskamerat.md
reference,/img/uploads/2021/06/Untitled-design-scaled-e1623329425586-1024x301.jpg,src/blog/larun-laitenurkka-testaa-kandao-360-kokouskamerat.md
reference,/img/uploads/2021/02/laru_jari_3448_web-removebg-preview-1-e1613760400900.png,src/blog/vote-jari-laru-to-oulu-university-collegium.md
reference,/img/uploads/2020/08/University-of-Oulu-Linnanmaa-1024x683.jpg,src/blog/vote-jari-laru-to-oulu-university-collegium.md
reference,/img/uploads/2021/03/WIN_20210329_16_06_01_Pro-1024x576.jpg,src/blog/vote-jari-laru-to-oulu-university-collegium.md
reference,/img/uploads/2021/10/pexels-photo-1036645.jpeg,src/blog/vote-jari-laru-to-oulu-university-collegium.md
reference,/img/uploads/2021/03/34258651_10156333559448116_6882459000466571264_o-1024x524.jpg,src/blog/nizza-2018.md
reference,/img/uploads/2021/01/ekaskan-1.gif,src/blog/silloin-kun-sita-oltiin-larges-securityn-sysop-bbs-muisteluita.md
reference,/img/uploads/2021/01/majorbbsdemo.jpg,src/blog/silloin-kun-sita-oltiin-larges-securityn-sysop-bbs-muisteluita.md
reference,/img/uploads/2021/01/fidonet.png,src/blog/silloin-kun-sita-oltiin-larges-securityn-sysop-bbs-muisteluita.md
reference,/img/uploads/2021/01/ansiart.png,src/blog/silloin-kun-sita-oltiin-larges-securityn-sysop-bbs-muisteluita.md
reference,/img/uploads/2021/01/ICEHURWE.gif,src/blog/silloin-kun-sita-oltiin-larges-securityn-sysop-bbs-muisteluita.md
reference,/img/uploads/2021/04/pexels-photo-1128558-edited.jpeg,src/blog/lomamatkat.md
reference,/img/uploads/2021/04/pexels-photo-2867883-edited.jpeg,src/blog/lomamatkat.md
reference,/img/uploads/2021/04/IMG_20200718_213143-edited.jpg,src/blog/lomamatkat.md
reference,/img/uploads/2021/04/IMG_20190629_153127-edited.jpg,src/blog/lomamatkat.md
reference,/img/uploads/2021/04/IMG_0048-edited.jpg,src/blog/lomamatkat.md
reference,/img/uploads/2021/04/IMG_20170715_113317-edited.jpg,src/blog/lomamatkat.md
reference,/img/uploads/2021/04/6246027151_f666304349_z-edited.jpg,src/blog/lomamatkat.md
reference,/img/uploads/2021/04/20150806_103704-1024x576.jpg,src/blog/lomamatkat.md
reference,/img/uploads/2021/04/3724278287_b57d757460_b.jpg,src/blog/lomamatkat.md
reference,https://www.jarilaru.fi/wp-content/plugins/twentig/dist/images/patterns/landscape2.jpg,src/blog/lomamatkat.md
reference,https://www.jarilaru.fi/wp-content/plugins/twentig/dist/images/patterns/landscape3.jpg,src/blog/lomamatkat.md
reference,/img/uploads/2021/01/sikusiku.png,src/blog/kokoomus-esittaa-minua-sivistys-ja-kulttuurilautakunnan-jaseneksi.md
reference,http://jarilaru.fidisk.fi/blog/wp-includes/images/smilies/icon_wink.gif,src/blog/berliinissa-uutena-vuotena-2007.md
reference,/img/uploads/2021/01/vuvatr.jpg,src/blog/vuorovaikutussuunnitelman-valmistelutyoryhman-kokous.md
reference,/img/uploads/2021/01/vuvatrkok.jpg,src/blog/vuorovaikutussuunnitelman-valmistelutyoryhman-kokous.md
reference,/img/uploads/2021/01/32260838_1719037608180087_7883781164685590528_o-512x1024.jpg,src/blog/hyvaa-eurooppa-paivaa.md
reference,https://static.xx.fbcdn.net/images/emoji.php/v9/t4c/1/16/1f642.png,src/blog/vaalinalustunnelmia.md
reference,/img/uploads/2021/02/aal.png,src/blog/mina-olen-annaaanilapselle-ehdokas.md
reference,/img/uploads/2021/02/Anna-aani-lapselle-kampanjan-aloitus-1200x628-1-1024x536.png,src/blog/mina-olen-annaaanilapselle-ehdokas.md
reference,/img/uploads/2021/02/laru_jari_3448_web-removebg-preview-1-e1613760400900.png,src/blog/jari-laru-poliitikko.md
reference,https://www.jarilaru.fi/wp-content/plugins/twentig/dist/images/patterns/illustration1.svg,src/blog/jari-laru-poliitikko.md
reference,https://www.jarilaru.fi/wp-content/plugins/twentig/dist/images/patterns/illustration2.svg,src/blog/jari-laru-poliitikko.md
reference,https://www.jarilaru.fi/wp-content/plugins/twentig/dist/images/patterns/illustration3.svg,src/blog/jari-laru-poliitikko.md
reference,/img/uploads/2021/02/36-2.png,src/blog/jari-laru-poliitikko.md
reference,/img/uploads/2021/02/Copy-of-36-2.png,src/blog/liikkuva-oulu-voi-hyvin.md
reference,/img/uploads/2021/02/IMG_20210213_151538-1024x512.jpg,src/blog/liikkuva-oulu-voi-hyvin.md
reference,/img/uploads/2021/02/ma-498x1024.jpg,src/blog/liikkuva-oulu-voi-hyvin.md
reference,/img/uploads/2021/02/image-2.png,src/blog/liikkuva-oulu-voi-hyvin.md
reference,https://static.xx.fbcdn.net/images/emoji.php/v9/t4c/1/16/1f642.png,src/blog/ktk149-digiluokka-aanet.md
reference,https://i2.wp.com/www.jarilaru.fi/img/uploads/2021/02/IMG_20210203_163702.jpg?ssl=1,src/blog/ktk149-digiluokka-aanet.md
reference,https://i2.wp.com/www.jarilaru.fi/img/uploads/2021/02/IMG_20210203_163723.jpg?ssl=1,src/blog/ktk149-digiluokka-aanet.md
reference,https://i2.wp.com/www.jarilaru.fi/img/uploads/2021/02/IMG_20210203_163710-1.jpg?ssl=1,src/blog/ktk149-digiluokka-aanet.md
reference,/img/uploads/2021/02/chrome_5LFcwO345p.png,src/blog/ktk149-digiluokka-aanet.md
reference,/img/uploads/2021/02/IMG_20210203_163559-1024x512.jpg,src/blog/ktk149-digiluokka-aanet.md
reference,/img/uploads/2021/02/IMG_20210203_163607-1024x512.jpg,src/blog/ktk149-digiluokka-aanet.md
reference,/img/uploads/2025/03/vaaka_LOGO_sininen2023_RGB_PDF-2048x280-1-1024x140.webp,src/pages/jarilaru-fi-etusivu.md
reference,/img/uploads/2021/02/laru_jari_3448_web-removebg-preview-1-e1742757199718.png,src/pages/jarilaru-fi-etusivu.md
reference,/img/uploads/2020/12/P2210042-1024x768.jpg,src/pages/jarilaru-fi-etusivu.md
reference,/img/uploads/2020/01/WhatsApp-Image-2019-12-02-at-18.58.31-1.jpeg,src/pages/jarilaru-fi-etusivu.md
reference,/img/uploads/2022/01/Klikkaa-kuvaa-paastaksesi-lahjoituspalveluun-1.png,src/pages/jari-laru-aluevaltuustoon.md
reference,/img/uploads/2022/01/Untitled-design-17.png,src/pages/jari-laru-aluevaltuustoon.md
reference,/img/uploads/2022/01/Untitled-design-20.png,src/pages/jari-laru-aluevaltuustoon.md
reference,/img/uploads/2022/01/Untitled-design-19.png,src/pages/jari-laru-aluevaltuustoon.md
reference,/img/uploads/2022/01/Untitled-design-22.png,src/pages/jari-laru-aluevaltuustoon.md
reference,/img/uploads/2022/01/Untitled-design-23.png,src/pages/jari-laru-aluevaltuustoon.md
reference,/img/uploads/2022/01/Untitled-design-25.png,src/pages/jari-laru-aluevaltuustoon.md
reference,/img/uploads/2022/01/Untitled-design-26.png,src/pages/jari-laru-aluevaltuustoon.md
reference,/img/uploads/2022/01/tulee-myohemmin.png,src/pages/jari-laru-aluevaltuustoon.md
reference,/img/uploads/2022/01/tulee-myohemmin-1.png,src/pages/jari-laru-aluevaltuustoon.md
reference,/img/uploads/2021/02/laru_jari_3448_web-removebg-preview-1-e1613760400900.png,src/pages/jari-laru-aluevaltuustoon.md
reference,https://www.jarilaru.fi/wp-content/plugins/twentig/dist/images/patterns/illustration1.svg,src/pages/yritys.md
reference,https://www.jarilaru.fi/wp-content/plugins/twentig/dist/images/patterns/illustration2.svg,src/pages/yritys.md
reference,https://www.jarilaru.fi/wp-content/plugins/twentig/dist/images/patterns/illustration3.svg,src/pages/yritys.md
reference,/img/uploads/2025/01/AVI-koulutus-1024x576.png,src/pages/yritys.md
reference,/img/uploads/2025/01/Luento_vaka_Korvaako-tekoaly-opettajan-Opinlakeus23-Laru.pptx-1024x576.png,src/pages/yritys.md
reference,/img/uploads/2025/01/Digivoo-kommenttipuheenvuoro.-Syyskuu-2024-1024x576.jpg,src/pages/yritys.md
reference,/img/uploads/2025/01/lataus-4-724x1024.png,src/pages/tyoni-yliopistonlehtorina-1251.md
reference,/img/uploads/2025/01/lataus-5-721x1024.png,src/pages/tyoni-yliopistonlehtorina-1251.md
reference,/img/uploads/2020/01/70904957_10157490449228116_8669815198384652288_o-1024x545.jpg,src/pages/tyoni-yliopistonlehtorina-1251.md
reference,/img/uploads/2021/03/CTE-544x1024.jpg,src/pages/tyoni-yliopistonlehtorina-1251.md
reference,/img/uploads/2021/03/vaitos-1024x864.jpg,src/pages/tyoni-yliopistonlehtorina-1251.md
reference,/img/uploads/2021/02/36-2.png,src/pages/kuntavaalit-2021.md
reference,/img/uploads/2021/05/186527020_4021014661315692_7306576559190954017_n.jpg,src/pages/kuntavaalit-2021.md
reference,/img/uploads/2020/01/jari.laru_1397908734_26-e1610053137214.jpg,src/pages/tietoa.md
reference,/img/uploads/2021/03/suomi100-200x300.jpg,src/pages/tietoa.md
reference,/img/uploads/2021/03/promootiob-300x225.jpg,src/pages/tietoa.md
reference,/img/uploads/2021/03/laskettelu-225x300.jpg,src/pages/tietoa.md
reference,/img/uploads/2021/03/vaitos-300x253.jpg,src/pages/tietoa.md
reference,/img/uploads/2021/03/SUIKKA-225x300.jpg,src/pages/tietoa.md
reference,/img/uploads/2021/03/ouhalli-202x300.jpg,src/pages/tietoa.md
reference,/img/uploads/2021/03/CTE-159x300.jpg,src/pages/tietoa.md
reference,/img/uploads/2021/03/ESITYS-300x225.jpg,src/pages/tietoa.md
reference,/img/uploads/2021/03/pukki-225x300.jpg,src/pages/tietoa.md
reference,/img/uploads/2021/03/teams-300x188.jpg,src/pages/tietoa.md
reference,/img/uploads/2021/03/asyhds-300x225.jpg,src/pages/tietoa.md
reference,/img/uploads/2021/03/37522991_10156458618453116_4533218945909391360_o-e1615744405294-300x166.jpg,src/pages/tietoa.md
reference,/img/uploads/2020/01/WhatsApp-Image-2019-12-02-at-18.58.31-1.jpeg,src/pages/tietoa.md
reference,/img/uploads/2020/01/jari.laru_1397908734_26-e1610053137214.jpg,src/pages/tietoa.md
reference,/img/uploads/2021/01/verkkolive.jpg,src/pages/tietoa.md
reference,/img/uploads/2021/05/197296754_51c407c4b1_o.jpg,src/pages/tietoa.md
reference,/img/uploads/2021/05/IMG_20210425_113524.jpg,src/pages/tietoa.md
reference,/img/uploads/2021/05/IMG_20180714_122145__01-e1619985796461.jpg,src/pages/tietoa.md
reference,/img/uploads/2021/04/IMG_20190629_153127-edited-1024x578.jpg,src/pages/tietoa.md
reference,https://static.xx.fbcdn.net/images/emoji.php/v9/t57/1/16/1f609.png,src/pages/asiaa-erilaisista-himmeleista-ja-aluehallinnosta.md
reference,/img/uploads/2020/01/WhatsApp-Image-2019-12-02-at-18.58.31-1.jpeg,src/pages/politiikka.md
reference,/img/uploads/2020/01/17917379_10155106501813116_6597040786268409813_o-1-556x1024.jpg,src/pages/politiikka-1364.md
reference,https://www.jarilaru.fi/wp-content/plugins/twentig/dist/images/patterns/illustration1.svg,src/pages/jari-laru-poliitikko.md
reference,https://www.jarilaru.fi/wp-content/plugins/twentig/dist/images/patterns/illustration2.svg,src/pages/jari-laru-poliitikko.md
reference,https://www.jarilaru.fi/wp-content/plugins/twentig/dist/images/patterns/illustration3.svg,src/pages/jari-laru-poliitikko.md
reference,/img/uploads/2021/02/36-2.png,src/pages/jari-laru-poliitikko.md
reference,/img/uploads/2017/08/2560px-Oulu_Skyline_20120128.jpg,src/pages/jari-laru-poliitikko.md
